"","Id","Brottskod","Brottskod.klartext","Inskrivningsdatum","Brottsdatum","Kommun","Län","DeSO.område","Antal"
"1",1780,1615,"Övriga brott mot 16 kap. BrB","2021-11-16","2021-11-16","Huddinge","Stockholms Län","0126C1510",1
"2",1781,1615,"Övriga brott mot 16 kap. BrB","2021-11-16","2021-11-16","Huddinge","Stockholms Län","0126C1510",1
"3",3425,1615,"Övriga brott mot 16 kap. BrB","2022-04-14","2022-04-14","Norrköping","Östergötlands Län","0581C1030",1
"4",3448,1615,"Övriga brott mot 16 kap. BrB","2022-04-16","2022-04-16","Malmö","Skåne Län","1280C1200",1
"5",3849,1615,"Övriga brott mot 16 kap. BrB","2022-05-09","2022-04-03","Landskrona","Skåne Län","1282C1170",1
"6",5587,1615,"Övriga brott mot 16 kap. BrB","2022-08-10","2022-08-10","Sigtuna","Stockholms Län","0191C1020",1
"7",17004,1615,"Övriga brott mot 16 kap. BrB","2023-04-11","2023-04-11","Göteborg","Västra Götalands Län","1480C2590",1
"8",17243,1615,"Övriga brott mot 16 kap. BrB","2023-04-18","2023-04-18","Stockholm","Stockholms Län","0180C4020",1
"9",17475,1615,"Övriga brott mot 16 kap. BrB","2023-04-11","2023-04-09","Sundsvall","Västernorrlands Län","2281B2080",1
"10",21632,1615,"Övriga brott mot 16 kap. BrB","2023-05-05","2023-05-05","Norrköping","Östergötlands Län","0581C1280",1
"11",21940,1615,"Övriga brott mot 16 kap. BrB","2023-05-18","2023-05-18","Sölvesborg","Blekinge Län","1083B3010",1
"12",22191,1615,"Övriga brott mot 16 kap. BrB","2023-05-29","2023-05-28","Stockholm","Stockholms Län","0180C2390",1
"13",22899,1615,"Övriga brott mot 16 kap. BrB","2023-05-28","2023-05-28","Stockholm","Stockholms Län","0180C2390",1
"14",24525,1615,"Övriga brott mot 16 kap. BrB","2023-06-12","2023-05-28","Stockholm","Stockholms Län","0180C2390",1
"15",26799,1615,"Övriga brott mot 16 kap. BrB","2023-05-18","2023-05-18","Sölvesborg","Blekinge Län","1083B3010",1
"16",27079,1615,"Övriga brott mot 16 kap. BrB","2023-05-31","2023-05-28","Stockholm","Stockholms Län","0180C2390",1
"17",27176,1615,"Övriga brott mot 16 kap. BrB","2023-08-04","2023-08-03","Stockholm","Stockholms Län","0180C6310",1
"18",27534,1615,"Övriga brott mot 16 kap. BrB","2023-06-12","2023-05-28","Stockholm","Stockholms Län","0180C2390",1
"19",29141,1615,"Övriga brott mot 16 kap. BrB","2023-06-18","2023-06-18","Malmö","Skåne Län","1280C2920",1
"20",30149,1615,"Övriga brott mot 16 kap. BrB","2023-06-12","2023-05-28","Stockholm","Stockholms Län","0180C2390",1
"21",32151,1615,"Övriga brott mot 16 kap. BrB","2023-06-13","2023-05-28","Stockholm","Stockholms Län","0180C2390",1
"22",33216,1615,"Övriga brott mot 16 kap. BrB","2023-06-13","2023-05-28","Stockholm","Stockholms Län","0180C2390",1
"23",34339,1615,"Övriga brott mot 16 kap. BrB","2023-06-20","2023-06-20","Malmö","Skåne Län","1280C2920",1
"24",34473,1615,"Övriga brott mot 16 kap. BrB","2023-06-17","2023-06-17","Malmö","Skåne Län","1280C2920",1
"25",34937,1615,"Övriga brott mot 16 kap. BrB","2023-06-21","2023-05-25","Stockholm","Stockholms Län","0180C2390",1
"26",35205,1615,"Övriga brott mot 16 kap. BrB","2023-06-13","2023-05-28","Stockholm","Stockholms Län","0180C2390",1
"27",35885,1615,"Övriga brott mot 16 kap. BrB","2023-09-03","2023-09-03","Malmö","Skåne Län","1280C1690",1
"28",39627,1615,"Övriga brott mot 16 kap. BrB","2023-09-03","2023-09-03","Malmö","Skåne Län","1280C2720",1
"29",39628,1615,"Övriga brott mot 16 kap. BrB","2023-09-03","2023-09-03","Malmö","Skåne Län","1280C2720",1
"30",42698,1615,"Övriga brott mot 16 kap. BrB","2023-09-12","2023-09-12","Stockholm","Stockholms Län","0180C3330",1
"31",43076,1615,"Övriga brott mot 16 kap. BrB","2023-08-23","2023-06-04","Borås","Västra Götalands Län","1490C1520",1
"32",47243,1615,"Övriga brott mot 16 kap. BrB","2023-10-23","2023-10-22","Stockholm","Stockholms Län","0180C4040",1
"33",49879,1615,"Övriga brott mot 16 kap. BrB","2023-10-02","2023-05-28","Stockholm","Stockholms Län","0180C2390",1
"34",49941,1615,"Övriga brott mot 16 kap. BrB","2023-09-26","2023-05-28","Stockholm","Stockholms Län","0180C2390",1
"35",51068,1615,"Övriga brott mot 16 kap. BrB","2023-10-04","2023-05-28","Stockholm","Stockholms Län","0180C2390",1
"36",52275,1615,"Övriga brott mot 16 kap. BrB","2023-09-26","2023-05-28","Stockholm","Stockholms Län","0180C2390",1
"37",52499,1615,"Övriga brott mot 16 kap. BrB","2023-10-07","2023-10-07","Göteborg","Västra Götalands Län","1480C2380",1
"38",53580,1615,"Övriga brott mot 16 kap. BrB","2023-09-27","2023-09-27","Nacka","Stockholms Län","0182C1410",1
"39",53581,1615,"Övriga brott mot 16 kap. BrB","2023-09-27","2023-09-27","Nacka","Stockholms Län","0182C1410",1
"40",53582,1615,"Övriga brott mot 16 kap. BrB","2023-09-27","2023-09-27","Nacka","Stockholms Län","0182C1410",1
"41",53583,1615,"Övriga brott mot 16 kap. BrB","2023-09-27","2023-09-27","Nacka","Stockholms Län","0182C1410",1
"42",53584,1615,"Övriga brott mot 16 kap. BrB","2023-09-27","2023-09-27","Nacka","Stockholms Län","0182C1410",1
"43",53858,1615,"Övriga brott mot 16 kap. BrB","2023-10-04","2023-05-28","Stockholm","Stockholms Län","0180C2390",1
"44",55637,1615,"Övriga brott mot 16 kap. BrB","2023-11-24","2023-11-24","Södertälje","Stockholms Län","0181C1120",1
"45",55638,1615,"Övriga brott mot 16 kap. BrB","2023-11-24","2023-11-24","Södertälje","Stockholms Län","0181C1120",1
"46",57896,1615,"Övriga brott mot 16 kap. BrB","2022-04-14","2022-04-14","Linköping","Östergötlands Län","0580C1670",1
"47",57897,1615,"Övriga brott mot 16 kap. BrB","2022-04-14","2022-04-14","Linköping","Östergötlands Län","0580C1670",1
"48",57898,1615,"Övriga brott mot 16 kap. BrB","2022-04-14","2022-04-14","Linköping","Östergötlands Län","0580C1670",1
"49",57901,1615,"Övriga brott mot 16 kap. BrB","2022-04-14","2022-04-14","Linköping","Östergötlands Län","0580C1670",1
"50",57902,1615,"Övriga brott mot 16 kap. BrB","2022-04-14","2022-04-14","Linköping","Östergötlands Län","0580C1670",1
"51",57903,1615,"Övriga brott mot 16 kap. BrB","2022-04-14","2022-04-14","Linköping","Östergötlands Län","0580C1670",1
"52",57904,1615,"Övriga brott mot 16 kap. BrB","2022-04-14","2022-04-14","Linköping","Östergötlands Län","0580C1670",1
"53",57908,1615,"Övriga brott mot 16 kap. BrB","2022-04-14","2022-04-14","Linköping","Östergötlands Län","0580C1670",1
"54",57917,1615,"Övriga brott mot 16 kap. BrB","2022-04-14","2022-04-14","Linköping","Östergötlands Län","0580C1670",1
"55",57921,1615,"Övriga brott mot 16 kap. BrB","2022-04-14","2022-04-14","Linköping","Östergötlands Län","0580C1670",1
"56",57931,1615,"Övriga brott mot 16 kap. BrB","2022-04-14","2022-04-14","Linköping","Östergötlands Län","0580C1670",1
"57",57933,1615,"Övriga brott mot 16 kap. BrB","2022-04-14","2022-04-14","Linköping","Östergötlands Län","0580C1670",1
"58",57934,1615,"Övriga brott mot 16 kap. BrB","2022-04-14","2022-04-14","Linköping","Östergötlands Län","0580C1670",1
"59",57935,1615,"Övriga brott mot 16 kap. BrB","2022-04-14","2022-04-14","Linköping","Östergötlands Län","0580C1670",1
"60",59675,1615,"Övriga brott mot 16 kap. BrB","2023-11-24","2023-11-24","Stockholm","Stockholms Län","0180C3940",1
"61",62369,1615,"Övriga brott mot 16 kap. BrB","2023-11-16","2023-11-16","Stockholm","Stockholms Län","0180C3940",1
"62",62370,1615,"Övriga brott mot 16 kap. BrB","2023-11-16","2023-11-16","Stockholm","Stockholms Län","0180C3940",1
"63",62371,1615,"Övriga brott mot 16 kap. BrB","2023-11-16","2023-11-16","Stockholm","Stockholms Län","0180C3940",1
"64",62372,1615,"Övriga brott mot 16 kap. BrB","2023-11-16","2023-11-16","Stockholm","Stockholms Län","0180C3940",1
"65",69866,1615,"Övriga brott mot 16 kap. BrB","2023-11-29","2023-09-16","Stockholm","Stockholms Län","0180C4020",1
"66",76650,1615,"Övriga brott mot 16 kap. BrB","2024-01-01","2024-01-01","Stockholm","Stockholms Län","0180C3750",1
"67",85702,1615,"Övriga brott mot 16 kap. BrB","2023-12-30","2023-12-29","Västerås","Västmanlands Län","1980C1580",1
"68",87496,1615,"Övriga brott mot 16 kap. BrB","2023-12-29","2023-12-17","Eskilstuna","Södermanlands Län","0484B5010",1
"69",92174,1615,"Övriga brott mot 16 kap. BrB","2024-01-06","2024-01-06","Malmö","Skåne Län","1280C2370",1
"70",96086,1615,"Övriga brott mot 16 kap. BrB","2024-01-15","2024-01-12","Halmstad","Hallands Län","1380C1100",1
"71",98055,1615,"Övriga brott mot 16 kap. BrB","2024-01-01","2024-01-01","Trosa","Södermanlands Län","0488C1010",1
"72",130808,1615,"Övriga brott mot 16 kap. BrB","2024-01-18","2023-09-16","Stockholm","Stockholms Län","0180C4020",1
"73",135749,1615,"Övriga brott mot 16 kap. BrB","2024-01-06","2024-01-06","Malmö","Skåne Län","1280C2370",1
"74",136869,1615,"Övriga brott mot 16 kap. BrB","2024-02-14","2024-02-14","Stockholm","Stockholms Län","0180C3940",1
"75",136880,1615,"Övriga brott mot 16 kap. BrB","2024-02-14","2024-02-14","Stockholm","Stockholms Län","0180C3940",1
"76",142327,1615,"Övriga brott mot 16 kap. BrB","2024-02-14","2024-02-14","Stockholm","Stockholms Län","0180C3940",1
"77",147940,1615,"Övriga brott mot 16 kap. BrB","2024-02-14","2024-02-14","Stockholm","Stockholms Län","0180C3940",1
"78",148966,1615,"Övriga brott mot 16 kap. BrB","2024-02-14","2024-02-14","Stockholm","Stockholms Län","0180C3940",1
"79",157226,1615,"Övriga brott mot 16 kap. BrB","2024-02-19","2024-02-18","Borås","Västra Götalands Län","1490C1220",1
"80",159480,1615,"Övriga brott mot 16 kap. BrB","2024-01-27","2024-01-27","Västerås","Västmanlands Län","1980C1580",1
"81",162455,1615,"Övriga brott mot 16 kap. BrB","2024-02-14","2024-02-14","Stockholm","Stockholms Län","0180C3940",1
"82",165880,1615,"Övriga brott mot 16 kap. BrB","2024-01-25","2023-12-01","Uppvidinge","Kronobergs Län","0760C1020",1
"83",180224,1615,"Övriga brott mot 16 kap. BrB","2024-02-14","2024-02-14","Stockholm","Stockholms Län","0180C3940",1
"84",182709,1615,"Övriga brott mot 16 kap. BrB","2024-01-23","2024-01-23","Stockholm","Stockholms Län","0180C3940",1
"85",188918,1615,"Övriga brott mot 16 kap. BrB","2024-02-20","2024-02-20","Göteborg","Västra Götalands Län","1480C3280",1
"86",218470,1615,"Övriga brott mot 16 kap. BrB","2024-01-23","2024-01-23","Stockholm","Stockholms Län","0180C3940",1
"87",220266,1615,"Övriga brott mot 16 kap. BrB","2024-02-14","2024-02-14","Stockholm","Stockholms Län","0180C3940",1
"88",246289,1615,"Övriga brott mot 16 kap. BrB","2024-03-16","2024-03-16","Göteborg","Västra Götalands Län","1480C2590",1
"89",249460,1615,"Övriga brott mot 16 kap. BrB","2024-03-01","2024-03-01","Stockholm","Stockholms Län","0180C3940",1
"90",255302,1615,"Övriga brott mot 16 kap. BrB","2024-03-15","2024-03-15","Stockholm","Stockholms Län","0180C3940",1
"91",255304,1615,"Övriga brott mot 16 kap. BrB","2024-03-15","2024-03-15","Stockholm","Stockholms Län","0180C3940",1
"92",255728,1615,"Övriga brott mot 16 kap. BrB","2024-03-15","2024-03-15","Stockholm","Stockholms Län","0180C3940",1
"93",258485,1615,"Övriga brott mot 16 kap. BrB","2024-03-12","2024-03-12","Stockholm","Stockholms Län","0180C3940",1
"94",260479,1615,"Övriga brott mot 16 kap. BrB","2024-03-12","2024-03-12","Stockholm","Stockholms Län","0180C3940",1
"95",262304,1615,"Övriga brott mot 16 kap. BrB","2024-03-15","2024-03-15","Stockholm","Stockholms Län","0180C3940",1
"96",262704,1615,"Övriga brott mot 16 kap. BrB","2024-03-15","2024-03-15","Stockholm","Stockholms Län","0180C3940",1
"97",272957,1615,"Övriga brott mot 16 kap. BrB","2024-03-14","2024-03-14","Stockholm","Stockholms Län","0180C3940",1
"98",277374,1615,"Övriga brott mot 16 kap. BrB","2024-03-16","2024-03-16","Göteborg","Västra Götalands Län","1480C2590",1
"99",282468,1615,"Övriga brott mot 16 kap. BrB","2024-03-16","2024-03-16","Göteborg","Västra Götalands Län","1480C2590",1
"100",282472,1615,"Övriga brott mot 16 kap. BrB","2024-03-16","2024-03-16","Göteborg","Västra Götalands Län","1480C2590",1
"101",284063,1615,"Övriga brott mot 16 kap. BrB","2024-03-15","2024-03-15","Stockholm","Stockholms Län","0180C3940",1
"102",285317,1615,"Övriga brott mot 16 kap. BrB","2024-03-12","2024-03-12","Stockholm","Stockholms Län","0180C3940",1
"103",288203,1615,"Övriga brott mot 16 kap. BrB","2024-03-31","2024-03-31","Stockholm","Stockholms Län","0180C2690",1
"104",290303,1615,"Övriga brott mot 16 kap. BrB","2024-03-15","2024-03-15","Stockholm","Stockholms Län","0180C3940",1
"105",292259,1615,"Övriga brott mot 16 kap. BrB","2024-03-12","2024-03-12","Stockholm","Stockholms Län","0180C3940",1
"106",295059,1615,"Övriga brott mot 16 kap. BrB","2024-03-16","2024-03-16","Göteborg","Västra Götalands Län","1480C2360",1
"107",295539,1615,"Övriga brott mot 16 kap. BrB","2024-03-12","2024-03-12","Stockholm","Stockholms Län","0180C3940",1
"108",298440,1615,"Övriga brott mot 16 kap. BrB","2024-03-12","2024-03-12","Stockholm","Stockholms Län","0180C3940",1
"109",299116,1615,"Övriga brott mot 16 kap. BrB","2024-03-15","2024-03-15","Stockholm","Stockholms Län","0180C3940",1
"110",303747,1615,"Övriga brott mot 16 kap. BrB","2024-03-14","2024-03-14","Stockholm","Stockholms Län","0180C3940",1
"111",305032,1615,"Övriga brott mot 16 kap. BrB","2024-03-17","2024-03-17","Stockholm","Stockholms Län","0180C5020",1
"112",305415,1615,"Övriga brott mot 16 kap. BrB","2024-03-15","2024-03-15","Stockholm","Stockholms Län","0180C3940",1
"113",305417,1615,"Övriga brott mot 16 kap. BrB","2024-03-15","2024-03-15","Stockholm","Stockholms Län","0180C3940",1
"114",306080,1615,"Övriga brott mot 16 kap. BrB","2024-03-12","2024-03-12","Stockholm","Stockholms Län","0180C3940",1
"115",307527,1615,"Övriga brott mot 16 kap. BrB","2024-03-15","2024-03-13","","","",1
"116",309789,1615,"Övriga brott mot 16 kap. BrB","2024-03-16","2024-03-16","Göteborg","Västra Götalands Län","1480C2590",1
"117",312169,1615,"Övriga brott mot 16 kap. BrB","2024-03-16","2024-03-16","Göteborg","Västra Götalands Län","1480C2590",1
"118",312501,1615,"Övriga brott mot 16 kap. BrB","2024-03-14","2024-03-14","Stockholm","Stockholms Län","0180C3940",1
"119",317138,1615,"Övriga brott mot 16 kap. BrB","2024-03-14","2024-03-14","Stockholm","Stockholms Län","0180C3940",1
"120",318063,1615,"Övriga brott mot 16 kap. BrB","2024-03-14","2024-03-14","Stockholm","Stockholms Län","0180C3940",1
"121",318278,1615,"Övriga brott mot 16 kap. BrB","2024-03-14","2024-03-14","Stockholm","Stockholms Län","0180C3940",1
"122",321179,1615,"Övriga brott mot 16 kap. BrB","2024-03-16","2024-03-16","Göteborg","Västra Götalands Län","1480C2590",1
"123",353254,1615,"Övriga brott mot 16 kap. BrB","2018-09-26","2020-04-17","Falköping","Västra Götalands Län","",1
"124",1497499,1615,"Övriga brott mot 16 kap. BrB","2020-06-08","2020-06-07","Göteborg","Västra Götalands Län","1480C2460",1
"125",1527197,1615,"Övriga brott mot 16 kap. BrB","2020-06-08","2020-06-07","Göteborg","Västra Götalands Län","1480C2460",1
"126",1591387,1615,"Övriga brott mot 16 kap. BrB","2020-06-08","2020-06-07","Göteborg","Västra Götalands Län","1480C2460",1
"127",1591389,1615,"Övriga brott mot 16 kap. BrB","2020-06-08","2020-06-07","Göteborg","Västra Götalands Län","1480C2460",1
"128",1595991,1615,"Övriga brott mot 16 kap. BrB","2020-06-07","2020-06-07","Göteborg","Västra Götalands Län","1480C2460",1
"129",1606049,1615,"Övriga brott mot 16 kap. BrB","2020-06-08","2020-06-07","Göteborg","Västra Götalands Län","1480C2370",1
"130",1852248,1615,"Övriga brott mot 16 kap. BrB","2020-09-23","2021-06-15","Skara","Västra Götalands Län","1495C1070",1
"131",2010347,1615,"Övriga brott mot 16 kap. BrB","2020-12-08","2020-06-07","Göteborg","Västra Götalands Län","1480C2460",1
"132",2010348,1615,"Övriga brott mot 16 kap. BrB","2020-12-08","2020-06-07","Göteborg","Västra Götalands Län","1480C2460",1
"133",2014441,1615,"Övriga brott mot 16 kap. BrB","2020-12-01","2020-06-07","Göteborg","Västra Götalands Län","1480C2460",1
"134",2022525,1615,"Övriga brott mot 16 kap. BrB","2020-11-25","2020-06-07","Göteborg","Västra Götalands Län","1480C2460",1
"135",2037815,1615,"Övriga brott mot 16 kap. BrB","2020-11-24","2020-06-07","Göteborg","Västra Götalands Län","1480C2460",1
"136",2058405,1615,"Övriga brott mot 16 kap. BrB","2020-11-26","2020-06-07","Göteborg","Västra Götalands Län","1480C2460",1
"137",2065537,1615,"Övriga brott mot 16 kap. BrB","2020-12-01","2020-06-07","Göteborg","Västra Götalands Län","1480C2460",1
"138",2067075,1615,"Övriga brott mot 16 kap. BrB","2020-12-10","2020-06-07","Göteborg","Västra Götalands Län","1480C2370",1
"139",2083711,1615,"Övriga brott mot 16 kap. BrB","2021-01-01","2021-01-01","Vårgårda","Västra Götalands Län","1442C1020",1
"140",2087576,1615,"Övriga brott mot 16 kap. BrB","2020-11-24","2020-06-07","Göteborg","Västra Götalands Län","1480C2460",1
"141",2088928,1615,"Övriga brott mot 16 kap. BrB","2020-11-25","2020-06-07","Göteborg","Västra Götalands Län","1480C2460",1
"142",2099878,1615,"Övriga brott mot 16 kap. BrB","2020-11-24","2020-06-07","Göteborg","Västra Götalands Län","1480C2460",1
"143",2157409,1615,"Övriga brott mot 16 kap. BrB","2021-01-15","2021-01-15","","","",1
"144",2163236,1615,"Övriga brott mot 16 kap. BrB","2021-01-19","2021-01-19","Stockholm","Stockholms Län","0180C6330",1
"145",2185392,1615,"Övriga brott mot 16 kap. BrB","2021-01-16","2021-01-15","","","",1
"146",2216527,1615,"Övriga brott mot 16 kap. BrB","2021-02-06","2020-12-19","","","",1
"147",2219792,1615,"Övriga brott mot 16 kap. BrB","2021-02-07","2021-02-06","Stockholm","Stockholms Län","0180C5590",1
"148",2290329,1615,"Övriga brott mot 16 kap. BrB","2021-03-06","2021-03-06","","Stockholms Län","",1
"149",2309486,1615,"Övriga brott mot 16 kap. BrB","2021-03-25","2021-03-25","Högsby","Kalmar Län","0821A0010",1
"150",2323543,1615,"Övriga brott mot 16 kap. BrB","2021-03-03","2020-06-07","Göteborg","Västra Götalands Län","1480C1710",1
"151",2331815,1615,"Övriga brott mot 16 kap. BrB","2021-03-30","2021-01-28","","","",1
"152",2359676,1615,"Övriga brott mot 16 kap. BrB","2021-03-19","2020-01-06","Stockholm","Stockholms Län","0180C1330",1
"153",2362315,1615,"Övriga brott mot 16 kap. BrB","2021-04-06","2020-10-03","Stockholm","Stockholms Län","0180C3420",1
"154",2393566,1615,"Övriga brott mot 16 kap. BrB","2021-05-16","2021-05-16","Stockholm","Stockholms Län","0180C4310",1
"155",2393567,1615,"Övriga brott mot 16 kap. BrB","2021-05-16","2021-05-16","Stockholm","Stockholms Län","0180C4310",1
"156",2415626,1615,"Övriga brott mot 16 kap. BrB","2021-05-05","2021-05-05","Göteborg","Västra Götalands Län","1480C1280",1
"157",2421429,1615,"Övriga brott mot 16 kap. BrB","2021-04-28","2021-04-28","","","",1
"158",2426458,1615,"Övriga brott mot 16 kap. BrB","2021-05-16","2021-05-16","Klippan","Skåne Län","1276A0030",1
"159",2438446,1615,"Övriga brott mot 16 kap. BrB","2021-04-26","2021-04-13","Stockholm","Stockholms Län","0180C6300",1
"160",2449365,1615,"Övriga brott mot 16 kap. BrB","2021-05-16","2021-05-16","Klippan","Skåne Län","1276A0030",1
"161",2453144,1615,"Övriga brott mot 16 kap. BrB","2021-04-18","2021-04-17","Vänersborg","Västra Götalands Län","1487C1170",1
"162",2465564,1615,"Övriga brott mot 16 kap. BrB","2021-05-16","2021-05-16","Klippan","Skåne Län","1276A0030",1
"163",2468680,1615,"Övriga brott mot 16 kap. BrB","2021-04-28","2021-04-28","","","",1
"164",2470787,1615,"Övriga brott mot 16 kap. BrB","2021-04-27","2021-03-25","","","",1
"165",2482552,1615,"Övriga brott mot 16 kap. BrB","2021-04-29","2021-04-29","","","",1
"166",2485563,1615,"Övriga brott mot 16 kap. BrB","2021-05-03","2021-04-25","Hässleholm","Skåne Län","1293A0020",1
"167",2504713,1615,"Övriga brott mot 16 kap. BrB","2021-04-25","2021-04-25","Solna","Stockholms Län","0184C1230",1
"168",2513160,1615,"Övriga brott mot 16 kap. BrB","2021-06-01","2020-06-07","Göteborg","Västra Götalands Län","1480C2370",1
"169",2513161,1615,"Övriga brott mot 16 kap. BrB","2021-06-01","2020-06-07","Göteborg","Västra Götalands Län","1480C2460",1
"170",2518071,1615,"Övriga brott mot 16 kap. BrB","2021-06-16","2021-06-13","Lund","Skåne Län","1281C1380",1
"171",2524020,1615,"Övriga brott mot 16 kap. BrB","2021-06-21","2021-01-13","Södertälje","Stockholms Län","0181A0050",1
"172",2525177,1615,"Övriga brott mot 16 kap. BrB","2021-06-09","2021-06-09","Göteborg","Västra Götalands Län","1480C2110",1
"173",2533875,1615,"Övriga brott mot 16 kap. BrB","2021-06-23","2021-06-22","Borås","Västra Götalands Län","1490C1300",1
"174",2545911,1615,"Övriga brott mot 16 kap. BrB","2021-06-10","2021-05-16","Gagnef","Dalarnas Län","2026C1020",1
"175",2554850,1615,"Övriga brott mot 16 kap. BrB","2021-06-01","2020-06-07","Göteborg","Västra Götalands Län","1480C2460",1
"176",2589895,1615,"Övriga brott mot 16 kap. BrB","2021-06-22","2021-06-22","Herrljunga","Västra Götalands Län","1466C1020",1
"177",2602403,1615,"Övriga brott mot 16 kap. BrB","2021-06-01","2020-06-07","Göteborg","Västra Götalands Län","1480C2370",1
"178",2608738,1615,"Övriga brott mot 16 kap. BrB","2021-06-16","2021-06-16","Göteborg","Västra Götalands Län","1480C3730",1
"179",2632057,1615,"Övriga brott mot 16 kap. BrB","2021-05-28","2021-05-28","Göteborg","Västra Götalands Län","1480C3690",1
"180",2640200,1615,"Övriga brott mot 16 kap. BrB","2021-08-01","2021-08-01","Södertälje","Stockholms Län","0181C1130",1
"181",2651579,1615,"Övriga brott mot 16 kap. BrB","2021-07-03","2021-07-03","Malmö","Skåne Län","1280C2400",1
"182",2655856,1615,"Övriga brott mot 16 kap. BrB","2021-07-24","2021-07-24","Malmö","Skåne Län","1280C2400",1
"183",2656009,1615,"Övriga brott mot 16 kap. BrB","2021-07-26","2021-07-09","Kalmar","Kalmar Län","0880C1100",1
"184",2656011,1615,"Övriga brott mot 16 kap. BrB","2021-07-26","2021-07-09","Kalmar","Kalmar Län","0880C1100",1
"185",2661595,1615,"Övriga brott mot 16 kap. BrB","2021-08-01","2021-08-01","Malmö","Skåne Län","1280C1700",1
"186",2662333,1615,"Övriga brott mot 16 kap. BrB","2021-07-24","2021-07-24","Malmö","Skåne Län","1280C2400",1
"187",2668194,1615,"Övriga brott mot 16 kap. BrB","2021-07-24","2021-07-24","Malmö","Skåne Län","1280C2240",1
"188",2668341,1615,"Övriga brott mot 16 kap. BrB","2021-07-24","2021-07-24","Malmö","Skåne Län","1280C2400",1
"189",2673385,1615,"Övriga brott mot 16 kap. BrB","2021-07-25","2021-07-25","Halmstad","Hallands Län","1380C1320",1
"190",2674104,1615,"Övriga brott mot 16 kap. BrB","2021-07-24","2021-07-24","Malmö","Skåne Län","1280C2400",1
"191",2689372,1615,"Övriga brott mot 16 kap. BrB","2021-08-02","2021-08-01","Södertälje","Stockholms Län","0181C1180",1
"192",2711637,1615,"Övriga brott mot 16 kap. BrB","2021-07-24","2021-07-24","Malmö","Skåne Län","1280C2400",1
"193",2719585,1615,"Övriga brott mot 16 kap. BrB","2021-07-03","2021-07-02","","","",1
"194",2720251,1615,"Övriga brott mot 16 kap. BrB","2021-07-24","2021-07-24","Malmö","Skåne Län","1280C2260",1
"195",2723533,1615,"Övriga brott mot 16 kap. BrB","2021-07-14","2021-07-13","","Gävleborgs Län","",1
"196",2727959,1615,"Övriga brott mot 16 kap. BrB","2021-07-24","2021-07-24","Malmö","Skåne Län","1280C2260",1
"197",2732904,1615,"Övriga brott mot 16 kap. BrB","2021-07-24","2021-07-24","Malmö","Skåne Län","1280C2400",1
"198",2732905,1615,"Övriga brott mot 16 kap. BrB","2021-07-24","2021-07-24","Malmö","Skåne Län","1280C2400",1
"199",2735716,1615,"Övriga brott mot 16 kap. BrB","2021-07-24","2021-07-24","Malmö","Skåne Län","1280C2400",1
"200",2745947,1615,"Övriga brott mot 16 kap. BrB","2021-07-24","2021-07-24","Malmö","Skåne Län","1280C2400",1
"201",2766056,1615,"Övriga brott mot 16 kap. BrB","2021-08-14","2021-08-14","Malmö","Skåne Län","1280C2400",1
"202",2766058,1615,"Övriga brott mot 16 kap. BrB","2021-08-14","2021-08-14","Malmö","Skåne Län","1280C2400",1
"203",2766497,1615,"Övriga brott mot 16 kap. BrB","2021-08-14","2021-08-14","Malmö","Skåne Län","1280C2400",1
"204",2768483,1615,"Övriga brott mot 16 kap. BrB","2021-08-26","2021-08-26","Stockholm","Stockholms Län","0180C2390",1
"205",2784543,1615,"Övriga brott mot 16 kap. BrB","2021-08-14","2021-08-14","Malmö","Skåne Län","1280C2400",1
"206",2785600,1615,"Övriga brott mot 16 kap. BrB","2021-08-14","2021-08-14","Malmö","Skåne Län","1280C2400",1
"207",2788446,1615,"Övriga brott mot 16 kap. BrB","2021-08-14","2021-08-14","Malmö","Skåne Län","1280C2400",1
"208",2795979,1615,"Övriga brott mot 16 kap. BrB","2021-08-27","2021-08-27","Huddinge","Stockholms Län","0126C1130",1
"209",2800108,1615,"Övriga brott mot 16 kap. BrB","2021-08-14","2021-08-14","Malmö","Skåne Län","1280C2400",1
"210",2803858,1615,"Övriga brott mot 16 kap. BrB","2021-08-14","2021-08-14","Malmö","Skåne Län","1280C2400",1
"211",2804304,1615,"Övriga brott mot 16 kap. BrB","2021-08-14","2021-08-14","Malmö","Skåne Län","1280C2400",1
"212",2811951,1615,"Övriga brott mot 16 kap. BrB","2021-09-09","2021-09-07","Gävle","Gävleborgs Län","2180C1270",1
"213",2812213,1615,"Övriga brott mot 16 kap. BrB","2021-08-14","2021-08-14","Malmö","Skåne Län","1280C2400",1
"214",2828382,1615,"Övriga brott mot 16 kap. BrB","2021-08-14","2021-08-14","Malmö","Skåne Län","1280C2400",1
"215",2840686,1615,"Övriga brott mot 16 kap. BrB","2021-08-14","2021-08-14","Malmö","Skåne Län","1280C2400",1
"216",2868792,1615,"Övriga brott mot 16 kap. BrB","2021-10-23","2021-10-23","Malmö","Skåne Län","1280C2400",1
"217",2868797,1615,"Övriga brott mot 16 kap. BrB","2021-10-23","2021-10-23","Malmö","Skåne Län","1280C2400",1
"218",2868810,1615,"Övriga brott mot 16 kap. BrB","2021-10-23","2021-10-23","Malmö","Skåne Län","1280C2400",1
"219",2868817,1615,"Övriga brott mot 16 kap. BrB","2021-10-23","2021-10-23","Malmö","Skåne Län","1280C2400",1
"220",2874650,1615,"Övriga brott mot 16 kap. BrB","2021-10-23","2021-10-23","Malmö","Skåne Län","1280C2400",1
"221",2881389,1615,"Övriga brott mot 16 kap. BrB","2021-10-23","2021-10-23","Malmö","Skåne Län","1280C2140",1
"222",2886165,1615,"Övriga brott mot 16 kap. BrB","2021-10-14","2021-10-03","Norrköping","Östergötlands Län","0581C1260",1
"223",2890661,1615,"Övriga brott mot 16 kap. BrB","2021-09-20","2021-09-06","Lund","Skåne Län","1281C1280",1
"224",2892626,1615,"Övriga brott mot 16 kap. BrB","2021-10-13","2021-10-03","Norrköping","Östergötlands Län","0581C1260",1
"225",2894487,1615,"Övriga brott mot 16 kap. BrB","2021-10-23","2021-10-23","Malmö","Skåne Län","1280C2400",1
"226",2896727,1615,"Övriga brott mot 16 kap. BrB","2021-10-02","2021-10-02","Stockholm","Stockholms Län","0180C4040",1
"227",2903823,1615,"Övriga brott mot 16 kap. BrB","2021-10-23","2021-10-23","Malmö","Skåne Län","1280C2400",1
"228",2903826,1615,"Övriga brott mot 16 kap. BrB","2021-10-23","2021-10-23","Malmö","Skåne Län","1280C2400",1
"229",2903831,1615,"Övriga brott mot 16 kap. BrB","2021-10-23","2021-10-23","Upplands Väsby","Stockholms Län","0114C1140",1
"230",2904813,1615,"Övriga brott mot 16 kap. BrB","2021-10-23","2021-10-23","Malmö","Skåne Län","1280C2400",1
"231",2906201,1615,"Övriga brott mot 16 kap. BrB","2021-09-24","2021-09-22","Uddevalla","Västra Götalands Län","1485C1200",1
"232",2917515,1615,"Övriga brott mot 16 kap. BrB","2021-09-29","2021-09-29","Göteborg","Västra Götalands Län","1480C2370",1
"233",2918653,1615,"Övriga brott mot 16 kap. BrB","2021-10-23","2021-10-23","Malmö","Skåne Län","1280C2400",1
"234",2919429,1615,"Övriga brott mot 16 kap. BrB","2021-10-03","2021-10-03","Solna","Stockholms Län","0184C1320",1
"235",2922013,1615,"Övriga brott mot 16 kap. BrB","2021-09-19","2021-08-06","Katrineholm","Södermanlands Län","0483C1090",1
"236",2925653,1615,"Övriga brott mot 16 kap. BrB","2021-09-20","2021-09-20","Solna","Stockholms Län","0184C1310",1
"237",2934317,1615,"Övriga brott mot 16 kap. BrB","2021-10-25","2021-10-25","Örebro","Örebro Län","1880C1290",1
"238",2934320,1615,"Övriga brott mot 16 kap. BrB","2021-10-25","2021-10-25","Örebro","Örebro Län","1880C1290",1
"239",2946439,1615,"Övriga brott mot 16 kap. BrB","2021-09-21","2021-09-21","","Västra Götalands Län","",1
"240",2948104,1615,"Övriga brott mot 16 kap. BrB","2021-10-23","2021-10-23","Malmö","Skåne Län","1280C2400",1
"241",2948915,1615,"Övriga brott mot 16 kap. BrB","2021-10-23","2021-10-23","Malmö","Skåne Län","1280C2400",1
"242",2948919,1615,"Övriga brott mot 16 kap. BrB","2021-10-23","2021-10-23","Malmö","Skåne Län","1280C2400",1
"243",2949814,1615,"Övriga brott mot 16 kap. BrB","2021-09-29","2021-07-19","","","",1
"244",2961294,1615,"Övriga brott mot 16 kap. BrB","2021-10-03","2021-10-03","Solna","Stockholms Län","0184C1310",1
"245",2963909,1615,"Övriga brott mot 16 kap. BrB","2021-10-03","2021-10-03","Nyköping","Södermanlands Län","0480C1110",1
"246",2971960,1615,"Övriga brott mot 16 kap. BrB","2021-10-27","2021-10-08","Säffle","Värmlands Län","1785C1010",1
"247",2974119,1615,"Övriga brott mot 16 kap. BrB","2021-10-23","2021-10-23","Malmö","Skåne Län","1280C2400",1
"248",2974242,1615,"Övriga brott mot 16 kap. BrB","2021-10-23","2021-10-23","Malmö","Skåne Län","1280C2400",1
"249",3009491,1615,"Övriga brott mot 16 kap. BrB","2021-10-30","2021-10-30","Västerås","Västmanlands Län","1980C1580",1
"250",3021351,1615,"Övriga brott mot 16 kap. BrB","2021-11-03","2021-09-25","Lidköping","Västra Götalands Län","1494C1040",1
"251",3023242,1615,"Övriga brott mot 16 kap. BrB","2021-12-04","2021-12-04","Solna","Stockholms Län","0184C1310",1
"252",3039359,1615,"Övriga brott mot 16 kap. BrB","2021-12-02","2021-12-02","Uppsala","Uppsala Län","0380C1450",1
"253",3059020,1615,"Övriga brott mot 16 kap. BrB","2021-12-01","2021-11-30","Borås","Västra Götalands Län","1490C1220",1
"254",3063378,1615,"Övriga brott mot 16 kap. BrB","2021-12-01","2021-11-10","Täby","Stockholms Län","0160C1200",1
"255",3074238,1615,"Övriga brott mot 16 kap. BrB","2021-11-25","2021-09-07","Vänersborg","Västra Götalands Län","1487C1190",1
"256",3076947,1615,"Övriga brott mot 16 kap. BrB","2021-11-08","2021-11-05","Varberg","Hallands Län","1383C1020",1
"257",3195212,1615,"Övriga brott mot 16 kap. BrB","2021-12-15","2021-10-27","Malmö","Skåne Län","1280C1850",1
"258",3231916,1615,"Övriga brott mot 16 kap. BrB","2022-02-25","2022-02-25","Malmö","Skåne Län","1280C2110",1
"259",3238133,1615,"Övriga brott mot 16 kap. BrB","2022-02-26","2022-02-26","Göteborg","Västra Götalands Län","1480C1280",1
"260",3244733,1615,"Övriga brott mot 16 kap. BrB","2022-02-25","2022-02-25","Malmö","Skåne Län","1280C2110",1
"261",3248105,1615,"Övriga brott mot 16 kap. BrB","2022-02-20","2022-02-20","Avesta","Dalarnas Län","2084C1060",1
"262",3248107,1615,"Övriga brott mot 16 kap. BrB","2022-02-20","2022-02-20","Avesta","Dalarnas Län","2084C1060",1
"263",3252129,1615,"Övriga brott mot 16 kap. BrB","2022-02-25","2022-02-25","Malmö","Skåne Län","1280C2110",1
"264",3255025,1615,"Övriga brott mot 16 kap. BrB","2022-01-23","2022-01-23","Stockholm","Stockholms Län","0180C3690",1
"265",3259299,1615,"Övriga brott mot 16 kap. BrB","2022-02-26","2022-02-26","Västerås","Västmanlands Län","1980C1260",1
"266",3291544,1615,"Övriga brott mot 16 kap. BrB","2022-02-25","2022-02-25","Malmö","Skåne Län","1280C2110",1
"267",3300901,1615,"Övriga brott mot 16 kap. BrB","2022-03-07","2022-03-07","Sundbyberg","Stockholms Län","0183C1190",1
"268",3330316,1615,"Övriga brott mot 16 kap. BrB","2022-03-28","2022-03-28","Stockholm","Stockholms Län","0180C4620",1
"269",3330318,1615,"Övriga brott mot 16 kap. BrB","2022-03-28","2022-03-28","Stockholm","Stockholms Län","0180C4620",1
"270",3330319,1615,"Övriga brott mot 16 kap. BrB","2022-03-28","2022-03-28","Stockholm","Stockholms Län","0180C4620",1
"271",3330447,1615,"Övriga brott mot 16 kap. BrB","2022-03-28","2022-03-28","Stockholm","Stockholms Län","0180C4620",1
"272",3339935,1615,"Övriga brott mot 16 kap. BrB","2022-03-28","2022-03-28","Stockholm","Stockholms Län","0180C3880",1
"273",3342197,1615,"Övriga brott mot 16 kap. BrB","2022-04-08","2022-04-08","Stockholm","Stockholms Län","0180C3230",1
"274",3342562,1615,"Övriga brott mot 16 kap. BrB","2022-03-28","2022-03-28","Stockholm","Stockholms Län","0180C3880",1
"275",3342749,1615,"Övriga brott mot 16 kap. BrB","2022-03-11","2022-03-09","Eslöv","Skåne Län","1285C1010",1
"276",3343589,1615,"Övriga brott mot 16 kap. BrB","2022-04-04","2022-04-04","Stockholm","Stockholms Län","0180C1630",1
"277",3343687,1615,"Övriga brott mot 16 kap. BrB","2022-03-28","2022-03-28","Stockholm","Stockholms Län","0180C3880",1
"278",3347832,1615,"Övriga brott mot 16 kap. BrB","2022-03-28","2022-03-28","Stockholm","Stockholms Län","0180C4620",1
"279",3349275,1615,"Övriga brott mot 16 kap. BrB","2022-04-18","2022-04-17","Linköping","Östergötlands Län","0580C1660",1
"280",3352826,1615,"Övriga brott mot 16 kap. BrB","2022-04-03","2022-04-03","Landskrona","Skåne Län","1282C1170",1
"281",3353268,1615,"Övriga brott mot 16 kap. BrB","2022-04-16","2022-04-16","Landskrona","Skåne Län","1282C1050",1
"282",3353684,1615,"Övriga brott mot 16 kap. BrB","2022-04-17","2022-04-17","Linköping","Östergötlands Län","0580C1670",1
"283",3353685,1615,"Övriga brott mot 16 kap. BrB","2022-04-17","2022-04-17","Linköping","Östergötlands Län","0580C1670",1
"284",3353686,1615,"Övriga brott mot 16 kap. BrB","2022-04-17","2022-04-17","Linköping","Östergötlands Län","0580C1670",1
"285",3353689,1615,"Övriga brott mot 16 kap. BrB","2022-04-17","2022-04-17","Linköping","Östergötlands Län","0580C1670",1
"286",3353690,1615,"Övriga brott mot 16 kap. BrB","2022-04-17","2022-04-17","Linköping","Östergötlands Län","0580C1670",1
"287",3353691,1615,"Övriga brott mot 16 kap. BrB","2022-04-17","2022-04-17","Linköping","Östergötlands Län","0580C1670",1
"288",3353693,1615,"Övriga brott mot 16 kap. BrB","2022-04-17","2022-04-17","Linköping","Östergötlands Län","0580C1670",1
"289",3353696,1615,"Övriga brott mot 16 kap. BrB","2022-04-17","2022-04-17","Linköping","Östergötlands Län","0580C1670",1
"290",3353697,1615,"Övriga brott mot 16 kap. BrB","2022-04-17","2022-04-17","Linköping","Östergötlands Län","0580C1670",1
"291",3353698,1615,"Övriga brott mot 16 kap. BrB","2022-04-17","2022-04-17","Linköping","Östergötlands Län","0580C1670",1
"292",3353699,1615,"Övriga brott mot 16 kap. BrB","2022-04-17","2022-04-17","Linköping","Östergötlands Län","0580C1670",1
"293",3353701,1615,"Övriga brott mot 16 kap. BrB","2022-04-17","2022-04-17","Linköping","Östergötlands Län","0580C1670",1
"294",3353703,1615,"Övriga brott mot 16 kap. BrB","2022-04-17","2022-04-17","Linköping","Östergötlands Län","0580C1670",1
"295",3353704,1615,"Övriga brott mot 16 kap. BrB","2022-04-17","2022-04-17","Linköping","Östergötlands Län","0580C1670",1
"296",3353705,1615,"Övriga brott mot 16 kap. BrB","2022-04-17","2022-04-17","Linköping","Östergötlands Län","0580C1670",1
"297",3353706,1615,"Övriga brott mot 16 kap. BrB","2022-04-17","2022-04-17","Linköping","Östergötlands Län","0580C1670",1
"298",3353708,1615,"Övriga brott mot 16 kap. BrB","2022-04-17","2022-04-17","Linköping","Östergötlands Län","0580C1670",1
"299",3353711,1615,"Övriga brott mot 16 kap. BrB","2022-04-17","2022-04-17","Linköping","Östergötlands Län","0580C1670",1
"300",3353712,1615,"Övriga brott mot 16 kap. BrB","2022-04-17","2022-04-17","Linköping","Östergötlands Län","0580C1670",1
"301",3353713,1615,"Övriga brott mot 16 kap. BrB","2022-04-17","2022-04-17","Linköping","Östergötlands Län","0580C1670",1
"302",3353715,1615,"Övriga brott mot 16 kap. BrB","2022-04-17","2022-04-17","Linköping","Östergötlands Län","0580C1670",1
"303",3353716,1615,"Övriga brott mot 16 kap. BrB","2022-04-17","2022-04-17","Linköping","Östergötlands Län","0580C1670",1
"304",3354440,1615,"Övriga brott mot 16 kap. BrB","2022-03-28","2022-03-28","Stockholm","Stockholms Län","0180C4620",1
"305",3355432,1615,"Övriga brott mot 16 kap. BrB","2022-03-28","2022-03-28","Stockholm","Stockholms Län","0180C4620",1
"306",3356056,1615,"Övriga brott mot 16 kap. BrB","2022-04-15","2022-04-15","Stockholm","Stockholms Län","0180C6100",1
"307",3357372,1615,"Övriga brott mot 16 kap. BrB","2022-04-16","2022-04-16","Malmö","Skåne Län","1280C1200",1
"308",3358469,1615,"Övriga brott mot 16 kap. BrB","2022-04-17","2022-04-17","Norrköping","Östergötlands Län","0581C1030",1
"309",3358698,1615,"Övriga brott mot 16 kap. BrB","2022-04-06","2022-04-06","Stockholm","Stockholms Län","0180C5520",1
"310",3359566,1615,"Övriga brott mot 16 kap. BrB","2022-03-28","2022-03-28","Stockholm","Stockholms Län","0180C4620",1
"311",3361276,1615,"Övriga brott mot 16 kap. BrB","2022-03-28","2022-03-28","Stockholm","Stockholms Län","0180C4620",1
"312",3361284,1615,"Övriga brott mot 16 kap. BrB","2022-03-28","2022-03-28","Stockholm","Stockholms Län","0180C4620",1
"313",3361301,1615,"Övriga brott mot 16 kap. BrB","2022-04-03","2022-04-03","Landskrona","Skåne Län","1282C1170",1
"314",3364176,1615,"Övriga brott mot 16 kap. BrB","2022-03-28","2022-03-28","Stockholm","Stockholms Län","0180C3880",1
"315",3365705,1615,"Övriga brott mot 16 kap. BrB","2022-04-15","2022-04-15","Stockholm","Stockholms Län","0180C6120",1
"316",3366308,1615,"Övriga brott mot 16 kap. BrB","2022-04-03","2022-04-03","Landskrona","Skåne Län","1282C1170",1
"317",3369604,1615,"Övriga brott mot 16 kap. BrB","2022-04-17","2022-04-16","Malmö","Skåne Län","1280C1200",1
"318",3370445,1615,"Övriga brott mot 16 kap. BrB","2022-04-14","2022-04-14","Jönköping","Jönköpings Län","0680C1100",1
"319",3371180,1615,"Övriga brott mot 16 kap. BrB","2022-04-06","2022-04-06","Stockholm","Stockholms Län","0180C4040",1
"320",3371418,1615,"Övriga brott mot 16 kap. BrB","2022-04-17","2022-04-16","Malmö","Skåne Län","1280C1200",1
"321",3373783,1615,"Övriga brott mot 16 kap. BrB","2022-03-28","2022-03-28","Stockholm","Stockholms Län","0180C4620",1
"322",3374371,1615,"Övriga brott mot 16 kap. BrB","2022-03-10","2022-03-10","Lomma","Skåne Län","1262C1080",1
"323",3378219,1615,"Övriga brott mot 16 kap. BrB","2022-04-15","2022-04-14","Norrköping","Östergötlands Län","0581C1030",1
"324",3383194,1615,"Övriga brott mot 16 kap. BrB","2022-04-15","2022-04-15","Stockholm","Stockholms Län","0180C6120",1
"325",3390629,1615,"Övriga brott mot 16 kap. BrB","2022-03-28","2022-03-28","Stockholm","Stockholms Län","0180C3820",1
"326",3390632,1615,"Övriga brott mot 16 kap. BrB","2022-03-28","2022-03-28","Stockholm","Stockholms Län","0180C3880",1
"327",3391639,1615,"Övriga brott mot 16 kap. BrB","2022-04-15","2022-04-15","Örebro","Örebro Län","1880C1220",1
"328",3392510,1615,"Övriga brott mot 16 kap. BrB","2022-03-31","2022-03-31","Stockholm","Stockholms Län","0180C2710",1
"329",3394502,1615,"Övriga brott mot 16 kap. BrB","2022-04-17","2022-04-17","Norrköping","Östergötlands Län","0581C1030",1
"330",3397018,1615,"Övriga brott mot 16 kap. BrB","2022-04-17","2022-04-17","Malmö","Skåne Län","1280C1850",1
"331",3399134,1615,"Övriga brott mot 16 kap. BrB","2022-03-28","2022-03-28","Stockholm","Stockholms Län","0180C3880",1
"332",3407140,1615,"Övriga brott mot 16 kap. BrB","2022-04-05","2022-04-05","Stockholm","Stockholms Län","0180C4200",1
"333",3413017,1615,"Övriga brott mot 16 kap. BrB","2022-03-28","2022-03-28","Stockholm","Stockholms Län","0180C4620",1
"334",3418973,1615,"Övriga brott mot 16 kap. BrB","2022-03-28","2022-03-28","Stockholm","Stockholms Län","0180C4620",1
"335",3422056,1615,"Övriga brott mot 16 kap. BrB","2022-03-28","2022-03-28","Stockholm","Stockholms Län","0180C3880",1
"336",3425919,1615,"Övriga brott mot 16 kap. BrB","2022-03-27","2022-03-27","Eskilstuna","Södermanlands Län","0484B5010",1
"337",3428235,1615,"Övriga brott mot 16 kap. BrB","2022-04-16","2022-04-16","Landskrona","Skåne Län","1282C1200",1
"338",3429038,1615,"Övriga brott mot 16 kap. BrB","2022-03-28","2022-03-28","Stockholm","Stockholms Län","0180C4620",1
"339",3435120,1615,"Övriga brott mot 16 kap. BrB","2022-04-03","2022-04-03","Landskrona","Skåne Län","1282C1170",1
"340",3436719,1615,"Övriga brott mot 16 kap. BrB","2022-04-17","2022-04-16","Landskrona","Skåne Län","1282C1170",1
"341",3438003,1615,"Övriga brott mot 16 kap. BrB","2022-03-27","2022-03-27","Stockholm","Stockholms Län","0180C5520",1
"342",3441810,1615,"Övriga brott mot 16 kap. BrB","2022-03-28","2022-03-28","Stockholm","Stockholms Län","0180C4620",1
"343",3450292,1615,"Övriga brott mot 16 kap. BrB","2022-04-25","2022-04-25","Stockholm","Stockholms Län","0180C4040",1
"344",3450293,1615,"Övriga brott mot 16 kap. BrB","2022-04-25","2022-04-25","Stockholm","Stockholms Län","0180C4040",1
"345",3450295,1615,"Övriga brott mot 16 kap. BrB","2022-04-25","2022-04-25","Stockholm","Stockholms Län","0180C4040",1
"346",3451412,1615,"Övriga brott mot 16 kap. BrB","2022-04-25","2022-04-25","Stockholm","Stockholms Län","0180C4040",1
"347",3451428,1615,"Övriga brott mot 16 kap. BrB","2022-04-28","2022-04-28","Stockholm","Stockholms Län","0180C5340",1
"348",3451589,1615,"Övriga brott mot 16 kap. BrB","2022-04-28","2022-04-28","Stockholm","Stockholms Län","0180C5340",1
"349",3451595,1615,"Övriga brott mot 16 kap. BrB","2022-04-28","2022-04-28","Stockholm","Stockholms Län","0180C5320",1
"350",3452141,1615,"Övriga brott mot 16 kap. BrB","2022-04-25","2022-04-25","Stockholm","Stockholms Län","0180C3940",1
"351",3456278,1615,"Övriga brott mot 16 kap. BrB","2022-04-28","2022-04-28","","","",1
"352",3456389,1615,"Övriga brott mot 16 kap. BrB","2022-04-28","2022-04-27","Stockholm","Stockholms Län","0180C3940",1
"353",3458162,1615,"Övriga brott mot 16 kap. BrB","2022-04-28","2022-04-28","Stockholm","Stockholms Län","0180C5320",1
"354",3458164,1615,"Övriga brott mot 16 kap. BrB","2022-04-28","2022-04-28","Stockholm","Stockholms Län","0180C5320",1
"355",3462415,1615,"Övriga brott mot 16 kap. BrB","2022-05-23","2022-05-22","Eskilstuna","Södermanlands Län","0484C1360",1
"356",3466045,1615,"Övriga brott mot 16 kap. BrB","2022-05-09","2022-04-03","Landskrona","Skåne Län","1282C1170",1
"357",3466683,1615,"Övriga brott mot 16 kap. BrB","2022-05-07","2022-05-07","Stockholm","Stockholms Län","0180C4040",1
"358",3467475,1615,"Övriga brott mot 16 kap. BrB","2022-04-24","2022-04-24","Helsingborg","Skåne Län","1283C1450",1
"359",3467591,1615,"Övriga brott mot 16 kap. BrB","2022-04-25","2022-04-25","Stockholm","Stockholms Län","0180C4770",1
"360",3471668,1615,"Övriga brott mot 16 kap. BrB","2022-04-25","2022-04-25","Stockholm","Stockholms Län","0180C4040",1
"361",3471686,1615,"Övriga brott mot 16 kap. BrB","2022-04-29","2022-04-25","Orust","Västra Götalands Län","1421B2010",1
"362",3471928,1615,"Övriga brott mot 16 kap. BrB","2022-04-25","2022-04-25","Stockholm","Stockholms Län","0180C3940",1
"363",3472681,1615,"Övriga brott mot 16 kap. BrB","2022-04-29","2022-04-29","Stockholm","Stockholms Län","0180C4430",1
"364",3474458,1615,"Övriga brott mot 16 kap. BrB","2022-05-14","2022-05-14","Linköping","Östergötlands Län","0580C1520",1
"365",3478005,1615,"Övriga brott mot 16 kap. BrB","2022-05-30","2022-05-15","","","",1
"366",3478495,1615,"Övriga brott mot 16 kap. BrB","2022-04-28","2022-04-28","Stockholm","Stockholms Län","0180C5340",1
"367",3478497,1615,"Övriga brott mot 16 kap. BrB","2022-04-28","2022-04-28","Stockholm","Stockholms Län","0180C5340",1
"368",3478625,1615,"Övriga brott mot 16 kap. BrB","2022-04-28","2022-04-28","Stockholm","Stockholms Län","0180C5340",1
"369",3478630,1615,"Övriga brott mot 16 kap. BrB","2022-04-28","2022-04-28","Stockholm","Stockholms Län","0180C5340",1
"370",3478632,1615,"Övriga brott mot 16 kap. BrB","2022-04-28","2022-04-28","Stockholm","Stockholms Län","0180C5320",1
"371",3480331,1615,"Övriga brott mot 16 kap. BrB","2022-05-14","2022-05-14","Botkyrka","Stockholms Län","0127C1400",1
"372",3481101,1615,"Övriga brott mot 16 kap. BrB","2022-05-30","2022-05-30","Solna","Stockholms Län","0184C1090",1
"373",3481102,1615,"Övriga brott mot 16 kap. BrB","2022-05-30","2022-05-30","Solna","Stockholms Län","0184C1090",1
"374",3485533,1615,"Övriga brott mot 16 kap. BrB","2022-04-26","2022-04-26","Stockholm","Stockholms Län","0180C4040",1
"375",3486428,1615,"Övriga brott mot 16 kap. BrB","2022-04-25","2022-04-25","Stockholm","Stockholms Län","0180C3940",1
"376",3487327,1615,"Övriga brott mot 16 kap. BrB","2022-04-25","2022-04-17","Norrköping","Östergötlands Län","0581C1030",1
"377",3488253,1615,"Övriga brott mot 16 kap. BrB","2022-05-07","2022-05-07","Solna","Stockholms Län","0184C1310",1
"378",3488254,1615,"Övriga brott mot 16 kap. BrB","2022-05-07","2022-05-07","Solna","Stockholms Län","0184C1310",1
"379",3493386,1615,"Övriga brott mot 16 kap. BrB","2022-04-24","2022-04-24","Solna","Stockholms Län","0184C1310",1
"380",3493408,1615,"Övriga brott mot 16 kap. BrB","2022-04-28","2022-04-28","Stockholm","Stockholms Län","0180C5340",1
"381",3495499,1615,"Övriga brott mot 16 kap. BrB","2022-04-28","2022-04-28","Stockholm","Stockholms Län","0180C5340",1
"382",3496270,1615,"Övriga brott mot 16 kap. BrB","2022-05-12","2022-05-12","Göteborg","Västra Götalands Län","1480C1280",1
"383",3496634,1615,"Övriga brott mot 16 kap. BrB","2022-05-09","2022-04-03","Landskrona","Skåne Län","1282C1170",1
"384",3496827,1615,"Övriga brott mot 16 kap. BrB","2022-04-25","2022-04-25","Stockholm","Stockholms Län","0180C4040",1
"385",3496834,1615,"Övriga brott mot 16 kap. BrB","2022-04-25","2022-04-25","Stockholm","Stockholms Län","0180C3940",1
"386",3499140,1615,"Övriga brott mot 16 kap. BrB","2022-04-28","2022-04-28","Stockholm","Stockholms Län","0180C5320",1
"387",3500437,1615,"Övriga brott mot 16 kap. BrB","2022-04-28","2022-04-28","Stockholm","Stockholms Län","0180C5340",1
"388",3501338,1615,"Övriga brott mot 16 kap. BrB","2022-04-25","2022-04-25","Stockholm","Stockholms Län","0180C3940",1
"389",3501457,1615,"Övriga brott mot 16 kap. BrB","2022-04-26","2022-04-26","Stockholm","Stockholms Län","0180C4770",1
"390",3502505,1615,"Övriga brott mot 16 kap. BrB","2022-04-25","2022-04-25","Stockholm","Stockholms Län","0180C4040",1
"391",3505033,1615,"Övriga brott mot 16 kap. BrB","2022-04-26","2022-04-18","Malmö","Skåne Län","1280C1890",1
"392",3508864,1615,"Övriga brott mot 16 kap. BrB","2022-05-23","2022-04-16","Landskrona","Skåne Län","1282C1170",1
"393",3510372,1615,"Övriga brott mot 16 kap. BrB","2022-05-23","2022-02-19","Norrköping","Östergötlands Län","0581C1230",1
"394",3511197,1615,"Övriga brott mot 16 kap. BrB","2022-04-25","2022-04-25","Stockholm","Stockholms Län","0180C4040",1
"395",3511200,1615,"Övriga brott mot 16 kap. BrB","2022-04-25","2022-04-25","Stockholm","Stockholms Län","0180C4040",1
"396",3511203,1615,"Övriga brott mot 16 kap. BrB","2022-04-25","2022-04-25","Stockholm","Stockholms Län","0180C4040",1
"397",3513729,1615,"Övriga brott mot 16 kap. BrB","2022-04-25","2022-04-25","Stockholm","Stockholms Län","0180C3940",1
"398",3513738,1615,"Övriga brott mot 16 kap. BrB","2022-04-25","2022-04-25","Stockholm","Stockholms Län","0180C3940",1
"399",3514209,1615,"Övriga brott mot 16 kap. BrB","2022-04-28","2022-04-28","Stockholm","Stockholms Län","0180C5340",1
"400",3515790,1615,"Övriga brott mot 16 kap. BrB","2022-04-25","2022-04-25","Stockholm","Stockholms Län","0180C3940",1
"401",3517306,1615,"Övriga brott mot 16 kap. BrB","2022-04-28","2022-04-28","Stockholm","Stockholms Län","0180C5340",1
"402",3517307,1615,"Övriga brott mot 16 kap. BrB","2022-04-28","2022-04-28","Stockholm","Stockholms Län","0180C5340",1
"403",3517402,1615,"Övriga brott mot 16 kap. BrB","2022-04-25","2022-04-25","Stockholm","Stockholms Län","0180C4040",1
"404",3517674,1615,"Övriga brott mot 16 kap. BrB","2022-05-30","2022-05-30","Solna","Stockholms Län","0184C1090",1
"405",3518374,1615,"Övriga brott mot 16 kap. BrB","2022-04-28","2022-04-28","Stockholm","Stockholms Län","0180C5340",1
"406",3518378,1615,"Övriga brott mot 16 kap. BrB","2022-04-28","2022-04-28","Stockholm","Stockholms Län","0180C5340",1
"407",3519348,1615,"Övriga brott mot 16 kap. BrB","2022-05-20","2022-04-03","Landskrona","Skåne Län","1282C1170",1
"408",3520984,1615,"Övriga brott mot 16 kap. BrB","2022-05-17","2022-04-03","Landskrona","Skåne Län","1282C1170",1
"409",3521594,1615,"Övriga brott mot 16 kap. BrB","2022-05-06","2022-04-03","Landskrona","Skåne Län","1282C1170",1
"410",3522272,1615,"Övriga brott mot 16 kap. BrB","2022-05-17","2022-04-03","Landskrona","Skåne Län","1282C1170",1
"411",3523088,1615,"Övriga brott mot 16 kap. BrB","2022-05-30","2022-05-30","Solna","Stockholms Län","0184C1090",1
"412",3524059,1615,"Övriga brott mot 16 kap. BrB","2022-04-28","2022-04-28","Stockholm","Stockholms Län","0180C5340",1
"413",3524961,1615,"Övriga brott mot 16 kap. BrB","2022-04-28","2022-04-28","Stockholm","Stockholms Län","0180C5340",1
"414",3527793,1615,"Övriga brott mot 16 kap. BrB","2022-04-25","2022-04-25","Stockholm","Stockholms Län","0180C4040",1
"415",3528606,1615,"Övriga brott mot 16 kap. BrB","2022-04-24","2022-04-24","Helsingborg","Skåne Län","1283C1380",1
"416",3529278,1615,"Övriga brott mot 16 kap. BrB","2022-05-30","2022-05-30","Solna","Stockholms Län","0184C1090",1
"417",3529346,1615,"Övriga brott mot 16 kap. BrB","2022-04-28","2022-04-28","Stockholm","Stockholms Län","0180C5340",1
"418",3530151,1615,"Övriga brott mot 16 kap. BrB","2022-04-25","2022-04-25","Stockholm","Stockholms Län","0180C4040",1
"419",3533718,1615,"Övriga brott mot 16 kap. BrB","2022-04-28","2022-04-28","Stockholm","Stockholms Län","0180C5320",1
"420",3533721,1615,"Övriga brott mot 16 kap. BrB","2022-04-28","2022-04-28","Stockholm","Stockholms Län","0180C5320",1
"421",3533848,1615,"Övriga brott mot 16 kap. BrB","2022-05-09","2022-04-03","Landskrona","Skåne Län","1282C1170",1
"422",3535995,1615,"Övriga brott mot 16 kap. BrB","2022-04-28","2022-04-28","Stockholm","Stockholms Län","0180C5340",1
"423",3536748,1615,"Övriga brott mot 16 kap. BrB","2022-04-25","2021-08-30","","","",1
"424",3538227,1615,"Övriga brott mot 16 kap. BrB","2022-05-11","2022-04-16","Landskrona","Skåne Län","1282C1170",1
"425",3538331,1615,"Övriga brott mot 16 kap. BrB","2022-04-28","2022-04-28","Stockholm","Stockholms Län","0180C5340",1
"426",3539586,1615,"Övriga brott mot 16 kap. BrB","2022-05-21","2022-05-21","Helsingborg","Skåne Län","1283C1450",1
"427",3540504,1615,"Övriga brott mot 16 kap. BrB","2022-04-27","2022-04-26","Stockholm","Stockholms Län","0180C4430",1
"428",3540541,1615,"Övriga brott mot 16 kap. BrB","2022-05-30","2022-05-30","Stockholm","Stockholms Län","0180C2990",1
"429",3541110,1615,"Övriga brott mot 16 kap. BrB","2022-04-25","2022-04-25","Stockholm","Stockholms Län","0180C3940",1
"430",3541737,1615,"Övriga brott mot 16 kap. BrB","2022-04-25","2022-04-25","Stockholm","Stockholms Län","0180C4040",1
"431",3541937,1615,"Övriga brott mot 16 kap. BrB","2022-04-25","2022-02-27","","Östergötlands Län","",1
"432",3542058,1615,"Övriga brott mot 16 kap. BrB","2022-04-28","2022-04-28","Stockholm","Stockholms Län","0180C5320",1
"433",3542060,1615,"Övriga brott mot 16 kap. BrB","2022-04-28","2022-04-28","Stockholm","Stockholms Län","0180C5340",1
"434",3542061,1615,"Övriga brott mot 16 kap. BrB","2022-04-28","2022-04-28","Stockholm","Stockholms Län","0180C5340",1
"435",3542064,1615,"Övriga brott mot 16 kap. BrB","2022-04-28","2022-04-28","Stockholm","Stockholms Län","0180C5340",1
"436",3542247,1615,"Övriga brott mot 16 kap. BrB","2022-04-28","2022-04-28","Stockholm","Stockholms Län","0180C5340",1
"437",3543753,1615,"Övriga brott mot 16 kap. BrB","2022-04-25","2022-04-25","Stockholm","Stockholms Län","0180C4040",1
"438",3543760,1615,"Övriga brott mot 16 kap. BrB","2022-04-25","2022-04-25","Stockholm","Stockholms Län","0180C4040",1
"439",3543761,1615,"Övriga brott mot 16 kap. BrB","2022-04-25","2022-04-25","Stockholm","Stockholms Län","0180C4040",1
"440",3544542,1615,"Övriga brott mot 16 kap. BrB","2022-04-28","2022-04-28","Stockholm","Stockholms Län","0180C5340",1
"441",3545309,1615,"Övriga brott mot 16 kap. BrB","2022-04-28","2022-04-28","Stockholm","Stockholms Län","0180C5320",1
"442",3545315,1615,"Övriga brott mot 16 kap. BrB","2022-04-28","2022-04-28","Stockholm","Stockholms Län","0180C5320",1
"443",3545318,1615,"Övriga brott mot 16 kap. BrB","2022-04-28","2022-04-28","Stockholm","Stockholms Län","0180C5340",1
"444",3545319,1615,"Övriga brott mot 16 kap. BrB","2022-04-28","2022-04-28","Stockholm","Stockholms Län","0180C5340",1
"445",3545323,1615,"Övriga brott mot 16 kap. BrB","2022-04-28","2022-04-28","Stockholm","Stockholms Län","0180C5340",1
"446",3547562,1615,"Övriga brott mot 16 kap. BrB","2022-05-04","2022-05-04","","","",1
"447",3547563,1615,"Övriga brott mot 16 kap. BrB","2022-05-04","2022-05-04","","","",1
"448",3548885,1615,"Övriga brott mot 16 kap. BrB","2022-04-25","2022-04-25","Stockholm","Stockholms Län","0180C3940",1
"449",3549486,1615,"Övriga brott mot 16 kap. BrB","2022-04-28","2022-04-28","Stockholm","Stockholms Län","0180C5340",1
"450",3551989,1615,"Övriga brott mot 16 kap. BrB","2022-04-28","2022-04-23","Stockholm","Stockholms Län","0180C3880",1
"451",3553472,1615,"Övriga brott mot 16 kap. BrB","2022-04-28","2022-04-28","Stockholm","Stockholms Län","0180C5340",1
"452",3553761,1615,"Övriga brott mot 16 kap. BrB","2022-04-24","2022-04-24","Helsingborg","Skåne Län","1283C1450",1
"453",3553866,1615,"Övriga brott mot 16 kap. BrB","2022-04-28","2022-04-28","Stockholm","Stockholms Län","0180C5340",1
"454",3554613,1615,"Övriga brott mot 16 kap. BrB","2022-04-28","2022-04-28","Stockholm","Stockholms Län","0180C5340",1
"455",3554616,1615,"Övriga brott mot 16 kap. BrB","2022-04-28","2022-04-28","Stockholm","Stockholms Län","0180C5340",1
"456",3554619,1615,"Övriga brott mot 16 kap. BrB","2022-04-28","2022-04-28","Stockholm","Stockholms Län","0180C5340",1
"457",3555318,1615,"Övriga brott mot 16 kap. BrB","2022-05-09","2022-04-03","Landskrona","Skåne Län","1282C1170",1
"458",3555474,1615,"Övriga brott mot 16 kap. BrB","2022-04-28","2022-04-28","Stockholm","Stockholms Län","0180C5340",1
"459",3555737,1615,"Övriga brott mot 16 kap. BrB","2022-04-25","2022-04-25","Stockholm","Stockholms Län","0180C3940",1
"460",3562340,1615,"Övriga brott mot 16 kap. BrB","2022-04-28","2022-04-28","Stockholm","Stockholms Län","0180C5340",1
"461",3562344,1615,"Övriga brott mot 16 kap. BrB","2022-04-28","2022-04-28","Stockholm","Stockholms Län","0180C5340",1
"462",3562345,1615,"Övriga brott mot 16 kap. BrB","2022-04-28","2022-04-28","Stockholm","Stockholms Län","0180C5340",1
"463",3563766,1615,"Övriga brott mot 16 kap. BrB","2022-04-27","2022-04-27","Stockholm","Stockholms Län","0180C4040",1
"464",3564897,1615,"Övriga brott mot 16 kap. BrB","2022-05-24","2022-05-24","Göteborg","Västra Götalands Län","1480C2330",1
"465",3566547,1615,"Övriga brott mot 16 kap. BrB","2022-06-23","2022-04-16","Landskrona","Skåne Län","1282C1170",1
"466",3566750,1615,"Övriga brott mot 16 kap. BrB","2022-06-10","2022-06-10","Stockholm","Stockholms Län","0180C3980",1
"467",3566782,1615,"Övriga brott mot 16 kap. BrB","2022-06-18","2022-06-18","Göteborg","Västra Götalands Län","1480C1900",1
"468",3566958,1615,"Övriga brott mot 16 kap. BrB","2022-06-16","2022-06-16","Göteborg","Västra Götalands Län","1480C2590",1
"469",3567656,1615,"Övriga brott mot 16 kap. BrB","2022-06-09","2022-04-03","Landskrona","Skåne Län","1282C1170",1
"470",3567832,1615,"Övriga brott mot 16 kap. BrB","2022-06-23","2022-04-16","Landskrona","Skåne Län","1282C1170",1
"471",3568238,1615,"Övriga brott mot 16 kap. BrB","2022-06-09","2022-04-16","Landskrona","Skåne Län","1282C1170",1
"472",3572110,1615,"Övriga brott mot 16 kap. BrB","2022-06-02","2022-06-01","Göteborg","Västra Götalands Län","1480C2110",1
"473",3576259,1615,"Övriga brott mot 16 kap. BrB","2022-06-16","2022-06-16","Göteborg","Västra Götalands Län","1480C2590",1
"474",3583228,1615,"Övriga brott mot 16 kap. BrB","2022-06-17","2022-06-17","Göteborg","Västra Götalands Län","1480C2590",1
"475",3584970,1615,"Övriga brott mot 16 kap. BrB","2022-06-17","2022-06-16","Göteborg","Västra Götalands Län","1480C2590",1
"476",3588989,1615,"Övriga brott mot 16 kap. BrB","2022-06-21","2022-06-16","","","",1
"477",3589487,1615,"Övriga brott mot 16 kap. BrB","2022-06-16","2022-06-16","Göteborg","Västra Götalands Län","1480C2590",1
"478",3590509,1615,"Övriga brott mot 16 kap. BrB","2022-06-16","2022-06-16","Göteborg","Västra Götalands Län","1480C2590",1
"479",3591385,1615,"Övriga brott mot 16 kap. BrB","2022-06-17","2022-06-16","Göteborg","Västra Götalands Län","1480C2590",1
"480",3592345,1615,"Övriga brott mot 16 kap. BrB","2022-06-18","2022-06-18","Göteborg","Västra Götalands Län","1480C1940",1
"481",3592346,1615,"Övriga brott mot 16 kap. BrB","2022-06-18","2022-06-18","Göteborg","Västra Götalands Län","1480C1940",1
"482",3593274,1615,"Övriga brott mot 16 kap. BrB","2022-07-11","2022-07-11","Stockholm","Stockholms Län","0180C3880",1
"483",3593275,1615,"Övriga brott mot 16 kap. BrB","2022-07-11","2022-07-11","Stockholm","Stockholms Län","0180C3880",1
"484",3595114,1615,"Övriga brott mot 16 kap. BrB","2022-06-18","2022-06-18","Göteborg","Västra Götalands Län","1480C1540",1
"485",3596213,1615,"Övriga brott mot 16 kap. BrB","2022-06-16","2022-06-16","Göteborg","Västra Götalands Län","1480C2590",1
"486",3599336,1615,"Övriga brott mot 16 kap. BrB","2022-07-11","2022-07-11","Helsingborg","Skåne Län","1283C1390",1
"487",3599337,1615,"Övriga brott mot 16 kap. BrB","2022-07-11","2022-07-11","Helsingborg","Skåne Län","1283C1390",1
"488",3600125,1615,"Övriga brott mot 16 kap. BrB","2022-06-17","2022-06-17","Göteborg","Västra Götalands Län","1480C2590",1
"489",3600127,1615,"Övriga brott mot 16 kap. BrB","2022-06-17","2022-06-17","Göteborg","Västra Götalands Län","1480C2590",1
"490",3602607,1615,"Övriga brott mot 16 kap. BrB","2022-06-23","2022-06-16","Göteborg","Västra Götalands Län","1480C2590",1
"491",3603222,1615,"Övriga brott mot 16 kap. BrB","2022-06-16","2022-06-16","Göteborg","Västra Götalands Län","1480C2590",1
"492",3605888,1615,"Övriga brott mot 16 kap. BrB","2022-06-16","2022-06-16","Göteborg","Västra Götalands Län","1480C2590",1
"493",3605957,1615,"Övriga brott mot 16 kap. BrB","2022-06-04","2022-06-04","Stockholm","Stockholms Län","0180C4040",1
"494",3606034,1615,"Övriga brott mot 16 kap. BrB","2022-06-18","2022-06-18","Göteborg","Västra Götalands Län","1480C1920",1
"495",3606035,1615,"Övriga brott mot 16 kap. BrB","2022-06-18","2022-06-18","Göteborg","Västra Götalands Län","1480C1940",1
"496",3607935,1615,"Övriga brott mot 16 kap. BrB","2022-06-19","2022-06-18","Göteborg","Västra Götalands Län","1480C1940",1
"497",3609594,1615,"Övriga brott mot 16 kap. BrB","2022-06-16","2022-06-16","Göteborg","Västra Götalands Län","1480C2590",1
"498",3610969,1615,"Övriga brott mot 16 kap. BrB","2022-06-14","2022-04-16","Landskrona","Skåne Län","1282C1170",1
"499",3612252,1615,"Övriga brott mot 16 kap. BrB","2022-06-17","2022-06-16","Göteborg","Västra Götalands Län","1480C2590",1
"500",3614018,1615,"Övriga brott mot 16 kap. BrB","2022-06-18","2022-06-18","Göteborg","Västra Götalands Län","1480C1900",1
"501",3614935,1615,"Övriga brott mot 16 kap. BrB","2022-06-18","2022-06-18","Göteborg","Västra Götalands Län","1480C1940",1
"502",3617199,1615,"Övriga brott mot 16 kap. BrB","2022-07-11","2022-07-11","Stockholm","Stockholms Län","0180C4290",1
"503",3617200,1615,"Övriga brott mot 16 kap. BrB","2022-07-11","2022-07-11","Stockholm","Stockholms Län","0180C4290",1
"504",3618455,1615,"Övriga brott mot 16 kap. BrB","2022-06-17","2022-06-17","Göteborg","Västra Götalands Län","1480C2590",1
"505",3618821,1615,"Övriga brott mot 16 kap. BrB","2022-06-18","2022-06-18","Göteborg","Västra Götalands Län","1480C1540",1
"506",3624920,1615,"Övriga brott mot 16 kap. BrB","2022-06-09","2022-04-16","Landskrona","Skåne Län","1282C1170",1
"507",3626598,1615,"Övriga brott mot 16 kap. BrB","2022-07-11","2022-07-11","Stockholm","Stockholms Län","0180C4120",1
"508",3633733,1615,"Övriga brott mot 16 kap. BrB","2022-06-16","2022-06-16","Göteborg","Västra Götalands Län","1480C2590",1
"509",3634798,1615,"Övriga brott mot 16 kap. BrB","2022-06-18","2022-06-18","Göteborg","Västra Götalands Län","1480C1540",1
"510",3634799,1615,"Övriga brott mot 16 kap. BrB","2022-06-18","2022-06-18","Göteborg","Västra Götalands Län","1480C1900",1
"511",3638749,1615,"Övriga brott mot 16 kap. BrB","2022-06-19","2022-06-18","Göteborg","Västra Götalands Län","1480C1940",1
"512",3644902,1615,"Övriga brott mot 16 kap. BrB","2022-06-16","2022-06-16","Göteborg","Västra Götalands Län","1480C2590",1
"513",3648771,1615,"Övriga brott mot 16 kap. BrB","2022-06-18","2022-06-18","Göteborg","Västra Götalands Län","1480C1940",1
"514",3650867,1615,"Övriga brott mot 16 kap. BrB","2022-06-18","2022-06-18","Göteborg","Västra Götalands Län","1480C1900",1
"515",3660475,1615,"Övriga brott mot 16 kap. BrB","2022-06-13","2022-04-24","Helsingborg","Skåne Län","1283C1450",1
"516",3663365,1615,"Övriga brott mot 16 kap. BrB","2022-06-18","2022-06-18","Göteborg","Västra Götalands Län","1480C1900",1
"517",3670993,1615,"Övriga brott mot 16 kap. BrB","2022-06-18","2022-06-18","Göteborg","Västra Götalands Län","1480C1940",1
"518",3670994,1615,"Övriga brott mot 16 kap. BrB","2022-06-18","2022-06-18","Göteborg","Västra Götalands Län","1480C1940",1
"519",3671648,1615,"Övriga brott mot 16 kap. BrB","2022-06-03","2022-06-03","Stockholm","Stockholms Län","0180C4040",1
"520",3675861,1615,"Övriga brott mot 16 kap. BrB","2022-07-04","2022-06-29","","Skåne Län","",1
"521",3676201,1615,"Övriga brott mot 16 kap. BrB","2022-06-16","2022-06-16","Göteborg","Västra Götalands Län","1480C2590",1
"522",3680389,1615,"Övriga brott mot 16 kap. BrB","2022-06-17","2022-04-16","Landskrona","Skåne Län","1282C1200",1
"523",3684724,1615,"Övriga brott mot 16 kap. BrB","2022-07-12","2022-07-12","Stockholm","Stockholms Län","0180C3880",1
"524",3687462,1615,"Övriga brott mot 16 kap. BrB","2022-08-17","2022-08-17","Stockholm","Stockholms Län","0180C4040",1
"525",3696813,1615,"Övriga brott mot 16 kap. BrB","2022-08-07","2022-08-07","Stockholm","Stockholms Län","0180C4040",1
"526",3698947,1615,"Övriga brott mot 16 kap. BrB","2022-08-19","2022-08-19","Stockholm","Stockholms Län","0180C4040",1
"527",3701151,1615,"Övriga brott mot 16 kap. BrB","2022-08-18","2022-08-18","Stockholm","Stockholms Län","0180C4910",1
"528",3704940,1615,"Övriga brott mot 16 kap. BrB","2022-07-13","2022-04-16","Landskrona","Skåne Län","1282C1170",1
"529",3709265,1615,"Övriga brott mot 16 kap. BrB","2022-07-22","2022-07-22","Göteborg","Västra Götalands Län","1480C1540",1
"530",3721379,1615,"Övriga brott mot 16 kap. BrB","2022-08-07","2022-08-07","Helsingborg","Skåne Län","1283C1450",1
"531",3729404,1615,"Övriga brott mot 16 kap. BrB","2022-07-30","2022-07-30","Halmstad","Hallands Län","1380C1400",1
"532",3731690,1615,"Övriga brott mot 16 kap. BrB","2022-07-29","2022-07-28","Stockholm","Stockholms Län","0180C3880",1
"533",3733337,1615,"Övriga brott mot 16 kap. BrB","2022-08-13","2022-08-13","Kalmar","Kalmar Län","0880C1240",1
"534",3734930,1615,"Övriga brott mot 16 kap. BrB","2022-08-10","2022-08-10","Sigtuna","Stockholms Län","0191C1020",1
"535",3738066,1615,"Övriga brott mot 16 kap. BrB","2022-07-27","2022-04-16","Landskrona","Skåne Län","1282C1170",1
"536",3744209,1615,"Övriga brott mot 16 kap. BrB","2022-08-09","2022-08-09","Sollentuna","Stockholms Län","0163C1120",1
"537",3762663,1615,"Övriga brott mot 16 kap. BrB","2022-07-12","2022-07-12","Stockholm","Stockholms Län","0180C3880",1
"538",3774875,1615,"Övriga brott mot 16 kap. BrB","2022-08-17","2022-08-17","Botkyrka","Stockholms Län","0127C1440",1
"539",3776605,1615,"Övriga brott mot 16 kap. BrB","2022-07-14","2022-04-16","Landskrona","Skåne Län","1282C1170",1
"540",3776991,1615,"Övriga brott mot 16 kap. BrB","2022-08-16","2022-06-18","Stockholm","Stockholms Län","0180C3920",1
"541",3782553,1615,"Övriga brott mot 16 kap. BrB","2022-08-10","2022-08-10","Sigtuna","Stockholms Län","0191C1020",1
"542",3787557,1615,"Övriga brott mot 16 kap. BrB","2022-07-12","2022-07-12","Stockholm","Stockholms Län","0180C3880",1
"543",3792715,1615,"Övriga brott mot 16 kap. BrB","2022-08-21","2022-08-21","Stockholm","Stockholms Län","0180C4040",1
"544",3793832,1615,"Övriga brott mot 16 kap. BrB","2022-07-14","2022-07-14","Malmö","Skåne Län","1280C1750",1
"545",3796092,1615,"Övriga brott mot 16 kap. BrB","2022-09-01","2022-08-28","Solna","Stockholms Län","0184C1310",1
"546",3796175,1615,"Övriga brott mot 16 kap. BrB","2022-09-17","2022-09-17","Stockholm","Stockholms Län","0180C6380",1
"547",3799429,1615,"Övriga brott mot 16 kap. BrB","2022-09-02","2022-08-28","Solna","Stockholms Län","0184C1310",1
"548",3799707,1615,"Övriga brott mot 16 kap. BrB","2022-09-08","2022-09-08","Nynäshamn","Stockholms Län","0192A0010",1
"549",3800302,1615,"Övriga brott mot 16 kap. BrB","2022-09-02","2022-08-28","Solna","Stockholms Län","0184C1310",1
"550",3801925,1615,"Övriga brott mot 16 kap. BrB","2022-08-30","2022-08-30","Stockholm","Stockholms Län","0180C2470",1
"551",3801954,1615,"Övriga brott mot 16 kap. BrB","2022-09-02","2022-08-28","Solna","Stockholms Län","0184C1310",1
"552",3804822,1615,"Övriga brott mot 16 kap. BrB","2022-09-02","2022-08-28","Solna","Stockholms Län","0184C1310",1
"553",3808279,1615,"Övriga brott mot 16 kap. BrB","2022-08-27","2022-08-27","Göteborg","Västra Götalands Län","1480C2850",1
"554",3812684,1615,"Övriga brott mot 16 kap. BrB","2022-09-09","2022-08-28","Solna","Stockholms Län","0184C1310",1
"555",3813778,1615,"Övriga brott mot 16 kap. BrB","2022-09-09","2022-08-28","Solna","Stockholms Län","0184C1310",1
"556",3815690,1615,"Övriga brott mot 16 kap. BrB","2022-08-28","2022-08-28","Solna","Stockholms Län","0184C1310",1
"557",3819141,1615,"Övriga brott mot 16 kap. BrB","2022-09-04","2022-09-04","Uppsala","Uppsala Län","0380C1610",1
"558",3819315,1615,"Övriga brott mot 16 kap. BrB","2022-09-09","2022-08-28","Solna","Stockholms Län","0184C1310",1
"559",3822207,1615,"Övriga brott mot 16 kap. BrB","2022-09-17","2022-09-17","Stockholm","Stockholms Län","0180C6310",1
"560",3824876,1615,"Övriga brott mot 16 kap. BrB","2022-09-08","2022-09-08","Göteborg","Västra Götalands Län","1480C3280",1
"561",3828133,1615,"Övriga brott mot 16 kap. BrB","2022-09-02","2022-08-28","Solna","Stockholms Län","0184C1310",1
"562",3828230,1615,"Övriga brott mot 16 kap. BrB","2022-08-29","2022-08-29","Solna","Stockholms Län","0184C1180",1
"563",3828257,1615,"Övriga brott mot 16 kap. BrB","2022-09-02","2022-08-28","Solna","Stockholms Län","0184C1310",1
"564",3831667,1615,"Övriga brott mot 16 kap. BrB","2022-09-12","2022-09-12","Botkyrka","Stockholms Län","0127C1440",1
"565",3834663,1615,"Övriga brott mot 16 kap. BrB","2022-09-17","2022-09-17","Örebro","Örebro Län","1880C1220",1
"566",3836608,1615,"Övriga brott mot 16 kap. BrB","2022-09-23","2022-09-23","Kristianstad","Skåne Län","1290C1120",1
"567",3846873,1615,"Övriga brott mot 16 kap. BrB","2022-09-30","2022-09-30","Stockholm","Stockholms Län","0180C1630",1
"568",3848392,1615,"Övriga brott mot 16 kap. BrB","2022-09-01","2022-08-28","Solna","Stockholms Län","0184C1310",1
"569",3850923,1615,"Övriga brott mot 16 kap. BrB","2022-09-08","2022-07-11","Helsingborg","Skåne Län","1283C1450",1
"570",3852603,1615,"Övriga brott mot 16 kap. BrB","2022-09-02","2022-08-28","Solna","Stockholms Län","0184C1310",1
"571",3855559,1615,"Övriga brott mot 16 kap. BrB","2022-09-02","2022-08-28","Solna","Stockholms Län","0184C1310",1
"572",3859653,1615,"Övriga brott mot 16 kap. BrB","2022-09-05","2022-08-28","Solna","Stockholms Län","0184C1310",1
"573",3860785,1615,"Övriga brott mot 16 kap. BrB","2022-09-01","2022-08-28","Solna","Stockholms Län","0184C1310",1
"574",3865937,1615,"Övriga brott mot 16 kap. BrB","2022-09-06","2022-09-03","Växjö","Kronobergs Län","0780C1240",1
"575",3866061,1615,"Övriga brott mot 16 kap. BrB","2022-09-01","2022-08-28","Solna","Stockholms Län","0184C1310",1
"576",3873304,1615,"Övriga brott mot 16 kap. BrB","2022-09-19","2022-09-17","Vadstena","Östergötlands Län","0584C1020",1
"577",3880380,1615,"Övriga brott mot 16 kap. BrB","2022-09-11","2022-09-11","Stockholm","Stockholms Län","0180C2930",1
"578",3887961,1615,"Övriga brott mot 16 kap. BrB","2022-09-01","2022-08-28","Solna","Stockholms Län","0184C1310",1
"579",3899992,1615,"Övriga brott mot 16 kap. BrB","2022-09-08","2022-07-11","Helsingborg","Skåne Län","1283C1330",1
"580",3904672,1615,"Övriga brott mot 16 kap. BrB","2022-09-02","2021-08-28","Solna","Stockholms Län","0184C1310",1
"581",3905597,1615,"Övriga brott mot 16 kap. BrB","2022-09-19","2022-09-11","Eskilstuna","Södermanlands Län","0484C1210",1
"582",3906227,1615,"Övriga brott mot 16 kap. BrB","2022-09-02","2022-08-28","Solna","Stockholms Län","0184C1310",1
"583",3908282,1615,"Övriga brott mot 16 kap. BrB","2022-09-02","2022-08-28","Solna","Stockholms Län","0184C1310",1
"584",3918752,1615,"Övriga brott mot 16 kap. BrB","2022-10-07","2022-08-28","Solna","Stockholms Län","0184C1310",1
"585",3920158,1615,"Övriga brott mot 16 kap. BrB","2022-10-14","2022-08-28","Solna","Stockholms Län","0184C1310",1
"586",3930026,1615,"Övriga brott mot 16 kap. BrB","2022-10-16","2022-10-16","Stockholm","Stockholms Län","0180C2390",1
"587",3932390,1615,"Övriga brott mot 16 kap. BrB","2022-10-05","2022-08-28","Solna","Stockholms Län","0184C1310",1
"588",3935263,1615,"Övriga brott mot 16 kap. BrB","2022-10-14","2022-08-28","Solna","Stockholms Län","0184C1310",1
"589",3937215,1615,"Övriga brott mot 16 kap. BrB","2022-10-07","2022-08-28","Solna","Stockholms Län","0184C1310",1
"590",3938717,1615,"Övriga brott mot 16 kap. BrB","2022-10-06","2022-08-28","Solna","Stockholms Län","0184C1310",1
"591",3939649,1615,"Övriga brott mot 16 kap. BrB","2022-10-16","2022-10-16","Stockholm","Stockholms Län","0180C2390",1
"592",3941577,1615,"Övriga brott mot 16 kap. BrB","2022-10-14","2022-08-28","Solna","Stockholms Län","0184C1310",1
"593",3947794,1615,"Övriga brott mot 16 kap. BrB","2022-10-05","2022-08-28","Solna","Stockholms Län","0184C1310",1
"594",3951339,1615,"Övriga brott mot 16 kap. BrB","2022-10-02","2022-10-02","Lidingö","Stockholms Län","0186C1200",1
"595",3951341,1615,"Övriga brott mot 16 kap. BrB","2022-10-02","2022-10-02","Lidingö","Stockholms Län","0186C1200",1
"596",3957299,1615,"Övriga brott mot 16 kap. BrB","2022-10-16","2022-10-16","Stockholm","Stockholms Län","0180C2690",1
"597",3957520,1615,"Övriga brott mot 16 kap. BrB","2022-10-11","2022-10-11","Halmstad","Hallands Län","1380C1400",1
"598",3958594,1615,"Övriga brott mot 16 kap. BrB","2022-10-11","2022-08-28","Solna","Stockholms Län","0184C1310",1
"599",3963930,1615,"Övriga brott mot 16 kap. BrB","2022-04-15","2022-04-15","Solna","Stockholms Län","0184C1310",1
"600",3967215,1615,"Övriga brott mot 16 kap. BrB","2022-10-19","2022-08-28","Solna","Stockholms Län","0184C1310",1
"601",3971080,1615,"Övriga brott mot 16 kap. BrB","2022-10-17","2020-08-28","Solna","Stockholms Län","0184C1310",1
"602",3976655,1615,"Övriga brott mot 16 kap. BrB","2022-11-01","2022-11-01","Nacka","Stockholms Län","0182C1150",1
"603",3979107,1615,"Övriga brott mot 16 kap. BrB","2022-11-05","2022-11-04","Jönköping","Jönköpings Län","0680C1360",1
"604",3991901,1615,"Övriga brott mot 16 kap. BrB","2022-10-17","2022-10-17","Stockholm","Stockholms Län","0180C3940",1
"605",3992470,1615,"Övriga brott mot 16 kap. BrB","2022-10-06","2022-08-28","Solna","Stockholms Län","0184C1310",1
"606",3998311,1615,"Övriga brott mot 16 kap. BrB","2022-10-11","2022-08-28","Solna","Stockholms Län","0184C1310",1
"607",4025237,1615,"Övriga brott mot 16 kap. BrB","2022-10-07","2022-08-28","Solna","Stockholms Län","0184C1310",1
"608",4066922,1615,"Övriga brott mot 16 kap. BrB","2022-12-06","2022-12-06","Stockholm","Stockholms Län","0180C4040",1
"609",4069352,1615,"Övriga brott mot 16 kap. BrB","2022-11-25","2022-11-25","Göteborg","Västra Götalands Län","1480C2590",1
"610",4081499,1615,"Övriga brott mot 16 kap. BrB","2022-11-25","2022-11-25","Göteborg","Västra Götalands Län","1480C2590",1
"611",4084104,1615,"Övriga brott mot 16 kap. BrB","2022-11-25","2022-11-19","Stockholm","Stockholms Län","0180C3540",1
"612",4084105,1615,"Övriga brott mot 16 kap. BrB","2022-11-25","2022-11-20","Stockholm","Stockholms Län","0180C3540",1
"613",4095124,1615,"Övriga brott mot 16 kap. BrB","2022-11-10","2022-08-28","Solna","Stockholms Län","0184C1310",1
"614",4114239,1615,"Övriga brott mot 16 kap. BrB","2022-11-25","2022-11-25","Göteborg","Västra Götalands Län","1480C2590",1
"615",4188194,1615,"Övriga brott mot 16 kap. BrB","2023-01-04","2022-04-15","Stockholm","Stockholms Län","0180C6120",1
"616",4196973,1615,"Övriga brott mot 16 kap. BrB","2022-12-19","2022-11-11","Sundsvall","Västernorrlands Län","2281B2080",1
"617",4252952,1615,"Övriga brott mot 16 kap. BrB","2023-02-11","2023-02-11","Norrköping","Östergötlands Län","0581C1320",1
"618",4254282,1615,"Övriga brott mot 16 kap. BrB","2023-02-03","2023-01-29","Sundsvall","Västernorrlands Län","2281B2080",1
"619",4325574,1615,"Övriga brott mot 16 kap. BrB","2023-02-13","2023-02-02","","","",1
"620",4330066,1615,"Övriga brott mot 16 kap. BrB","2023-03-09","2023-03-07","Kil","Värmlands Län","1715C1010",1
"621",4351541,1615,"Övriga brott mot 16 kap. BrB","2023-02-27","2023-02-23","Göteborg","Västra Götalands Län","1480C3220",1
"622",4353957,1615,"Övriga brott mot 16 kap. BrB","2023-04-13","2023-04-13","Eskilstuna","Södermanlands Län","0484C1370",1
"623",4355750,1615,"Övriga brott mot 16 kap. BrB","2023-04-06","2023-04-02","Sundsvall","Västernorrlands Län","2281B2080",1
"624",4360248,1615,"Övriga brott mot 16 kap. BrB","2023-04-18","2023-04-18","Stockholm","Stockholms Län","0180C3940",1
"625",4363435,1615,"Övriga brott mot 16 kap. BrB","2023-03-15","2023-03-12","Stockholm","Stockholms Län","0180C2390",1
"626",4366443,1615,"Övriga brott mot 16 kap. BrB","2023-04-13","2023-04-13","Göteborg","Västra Götalands Län","1480C2590",1
"627",4379416,1615,"Övriga brott mot 16 kap. BrB","2023-04-21","2023-04-21","Stockholm","Stockholms Län","0180C3940",1
"628",4381477,1615,"Övriga brott mot 16 kap. BrB","2023-03-28","2023-03-16","Stockholm","Stockholms Län","0180C2390",1
"629",4385701,1615,"Övriga brott mot 16 kap. BrB","2023-04-13","2023-04-13","Göteborg","Västra Götalands Län","1480C2590",1
"630",4393918,1615,"Övriga brott mot 16 kap. BrB","2023-04-13","2023-04-13","Göteborg","Västra Götalands Län","1480C2590",1
"631",4399037,1615,"Övriga brott mot 16 kap. BrB","2023-03-16","2023-03-16","Stockholm","Stockholms Län","0180C2390",1
"632",4399515,1615,"Övriga brott mot 16 kap. BrB","2023-03-21","2023-02-25","Uppsala","Uppsala Län","0380C1450",1
"633",4403852,1615,"Övriga brott mot 16 kap. BrB","2023-04-12","2023-04-12","Göteborg","Västra Götalands Län","1480C2590",1
"634",4405429,1615,"Övriga brott mot 16 kap. BrB","2023-04-13","2023-04-13","Göteborg","Västra Götalands Län","1480C2590",1
"635",4413984,1615,"Övriga brott mot 16 kap. BrB","2023-04-13","2023-04-13","Göteborg","Västra Götalands Län","1480C2590",1
"636",4419115,1615,"Övriga brott mot 16 kap. BrB","2023-04-17","2023-04-17","Stockholm","Stockholms Län","0180C3940",1
"637",4425777,1615,"Övriga brott mot 16 kap. BrB","2023-04-20","2023-04-20","Stockholm","Stockholms Län","0180C3940",1
"638",4428797,1615,"Övriga brott mot 16 kap. BrB","2023-03-13","2023-03-13","Kristianstad","Skåne Län","1290C1090",1
"639",4430176,1615,"Övriga brott mot 16 kap. BrB","2023-04-13","2023-04-13","Göteborg","Västra Götalands Län","1480C2590",1
"640",4430900,1615,"Övriga brott mot 16 kap. BrB","2023-04-13","2023-04-13","Laholm","Hallands Län","1381A0010",1
"641",4436500,1615,"Övriga brott mot 16 kap. BrB","2023-04-13","2023-04-12","Göteborg","Västra Götalands Län","1480C2590",1
"642",4443949,1615,"Övriga brott mot 16 kap. BrB","2023-03-16","2023-03-16","Stockholm","Stockholms Län","0180C5020",1
"643",4447676,1615,"Övriga brott mot 16 kap. BrB","2023-04-18","2023-04-18","Stockholm","Stockholms Län","0180C3940",1
"644",4456795,1615,"Övriga brott mot 16 kap. BrB","2023-04-09","2023-04-09","Uppsala","Uppsala Län","0380C1450",1
"645",4465966,1615,"Övriga brott mot 16 kap. BrB","2023-05-26","2023-05-26","Göteborg","Västra Götalands Län","1480C2590",1
"646",4467432,1615,"Övriga brott mot 16 kap. BrB","2023-05-14","2023-05-14","Stockholm","Stockholms Län","0180C2390",1
"647",4478402,1615,"Övriga brott mot 16 kap. BrB","2023-05-25","2023-05-25","Göteborg","Västra Götalands Län","1480C2460",1
"648",4479205,1615,"Övriga brott mot 16 kap. BrB","2023-05-26","2023-05-26","Göteborg","Västra Götalands Län","1480C2590",1
"649",4480472,1615,"Övriga brott mot 16 kap. BrB","2023-05-26","2023-05-26","Göteborg","Västra Götalands Län","1480C2590",1
"650",4483460,1615,"Övriga brott mot 16 kap. BrB","2023-04-28","2023-04-28","Stockholm","Stockholms Län","0180C3940",1
"651",4483461,1615,"Övriga brott mot 16 kap. BrB","2023-04-28","2023-04-28","Stockholm","Stockholms Län","0180C3940",1
"652",4483462,1615,"Övriga brott mot 16 kap. BrB","2023-04-28","2023-04-28","Stockholm","Stockholms Län","0180C3940",1
"653",4489312,1615,"Övriga brott mot 16 kap. BrB","2023-05-26","2023-05-26","Göteborg","Västra Götalands Län","1480C2590",1
"654",4489484,1615,"Övriga brott mot 16 kap. BrB","2023-05-26","2023-05-26","Göteborg","Västra Götalands Län","1480C2590",1
"655",4491176,1615,"Övriga brott mot 16 kap. BrB","2023-05-26","2023-05-26","Göteborg","Västra Götalands Län","1480C2590",1
"656",4493166,1615,"Övriga brott mot 16 kap. BrB","2023-05-26","2023-05-26","Göteborg","Västra Götalands Län","1480C2590",1
"657",4499896,1615,"Övriga brott mot 16 kap. BrB","2023-04-28","2023-04-28","Luleå","Norrbottens Län","2580C1140",1
"658",4502993,1615,"Övriga brott mot 16 kap. BrB","2023-05-21","2023-05-21","Göteborg","Västra Götalands Län","1480C2470",1
"659",4505173,1615,"Övriga brott mot 16 kap. BrB","2023-05-26","2023-05-26","Göteborg","Västra Götalands Län","1480C2590",1
"660",4505828,1615,"Övriga brott mot 16 kap. BrB","2023-05-26","2023-05-26","Göteborg","Västra Götalands Län","1480C2590",1
"661",4505829,1615,"Övriga brott mot 16 kap. BrB","2023-05-26","2023-05-26","Göteborg","Västra Götalands Län","1480C2590",1
"662",4506656,1615,"Övriga brott mot 16 kap. BrB","2023-05-26","2023-05-26","Göteborg","Västra Götalands Län","1480C2590",1
"663",4506661,1615,"Övriga brott mot 16 kap. BrB","2023-05-26","2023-05-26","Göteborg","Västra Götalands Län","1480C2590",1
"664",4507354,1615,"Övriga brott mot 16 kap. BrB","2023-05-26","2023-05-26","Göteborg","Västra Götalands Län","1480C2590",1
"665",4507384,1615,"Övriga brott mot 16 kap. BrB","2023-04-26","2023-04-26","Stockholm","Stockholms Län","0180C3940",1
"666",4508723,1615,"Övriga brott mot 16 kap. BrB","2023-05-26","2023-05-26","Göteborg","Västra Götalands Län","1480C2590",1
"667",4510636,1615,"Övriga brott mot 16 kap. BrB","2023-05-28","2023-05-28","Örebro","Örebro Län","1880C1290",1
"668",4511300,1615,"Övriga brott mot 16 kap. BrB","2023-05-28","2023-05-28","Borås","Västra Götalands Län","1490C1220",1
"669",4511301,1615,"Övriga brott mot 16 kap. BrB","2023-05-28","2023-05-28","Borås","Västra Götalands Län","1490C1220",1
"670",4513479,1615,"Övriga brott mot 16 kap. BrB","2023-04-27","2023-01-01","","","",1
"671",4516090,1615,"Övriga brott mot 16 kap. BrB","2023-05-20","2023-05-20","Göteborg","Västra Götalands Län","1480C2350",1
"672",4518551,1615,"Övriga brott mot 16 kap. BrB","2023-05-01","2023-05-01","Rättvik","Dalarnas Län","2031C1020",1
"673",4521282,1615,"Övriga brott mot 16 kap. BrB","2023-05-26","2023-05-26","Göteborg","Västra Götalands Län","1480C2590",1
"674",4522631,1615,"Övriga brott mot 16 kap. BrB","2023-05-26","2023-05-26","Göteborg","Västra Götalands Län","1480C2590",1
"675",4526611,1615,"Övriga brott mot 16 kap. BrB","2023-05-26","2023-05-26","Göteborg","Västra Götalands Län","1480C2590",1
"676",4541875,1615,"Övriga brott mot 16 kap. BrB","2023-04-25","2023-04-25","Stockholm","Stockholms Län","0180C3940",1
"677",4548323,1615,"Övriga brott mot 16 kap. BrB","2023-05-26","2023-05-26","Göteborg","Västra Götalands Län","1480C2590",1
"678",4549997,1615,"Övriga brott mot 16 kap. BrB","2023-04-23","2023-04-23","Stockholm","Stockholms Län","0180C2390",1
"679",4554924,1615,"Övriga brott mot 16 kap. BrB","2023-05-18","2023-05-18","Sölvesborg","Blekinge Län","1083B3010",1
"680",4557263,1615,"Övriga brott mot 16 kap. BrB","2023-04-26","2023-04-26","","","",1
"681",4557763,1615,"Övriga brott mot 16 kap. BrB","2023-05-25","2023-05-25","Göteborg","Västra Götalands Län","1480C2460",1
"682",4559159,1615,"Övriga brott mot 16 kap. BrB","2023-05-26","2023-05-26","Göteborg","Västra Götalands Län","1480C2590",1
"683",4559364,1615,"Övriga brott mot 16 kap. BrB","2023-04-28","2023-04-28","","","",1
"684",4559934,1615,"Övriga brott mot 16 kap. BrB","2023-05-26","2023-05-26","Göteborg","Västra Götalands Län","1480C2590",1
"685",4566142,1615,"Övriga brott mot 16 kap. BrB","2023-05-26","2023-05-26","Göteborg","Västra Götalands Län","1480C2590",1
"686",4566947,1615,"Övriga brott mot 16 kap. BrB","2023-05-26","2023-05-26","Göteborg","Västra Götalands Län","1480C2590",1
"687",4579497,1615,"Övriga brott mot 16 kap. BrB","2023-06-02","2023-06-02","Stockholm","Stockholms Län","0180C4040",1
"688",4589975,1615,"Övriga brott mot 16 kap. BrB","2023-07-24","2023-07-24","Malmö","Skåne Län","1280C2920",1
"689",4591721,1615,"Övriga brott mot 16 kap. BrB","2023-06-01","2023-06-01","Göteborg","Västra Götalands Län","1480C2380",1
"690",4593306,1615,"Övriga brott mot 16 kap. BrB","2023-06-04","2023-06-04","Borås","Västra Götalands Län","1490C1520",1
"691",4593307,1615,"Övriga brott mot 16 kap. BrB","2023-06-04","2023-06-04","Borås","Västra Götalands Län","1490C1520",1
"692",4601707,1615,"Övriga brott mot 16 kap. BrB","2023-07-24","2023-07-24","Malmö","Skåne Län","1280C2920",1
"693",4601840,1615,"Övriga brott mot 16 kap. BrB","2023-06-20","2023-06-20","Malmö","Skåne Län","1280C2920",1
"694",4608347,1615,"Övriga brott mot 16 kap. BrB","2023-06-01","2023-06-01","Göteborg","Västra Götalands Län","1480C2380",1
"695",4610599,1615,"Övriga brott mot 16 kap. BrB","2023-06-20","2023-06-20","Malmö","Skåne Län","1280C2920",1
"696",4615950,1615,"Övriga brott mot 16 kap. BrB","2023-08-02","2023-08-02","Södertälje","Stockholms Län","0181C1040",1
"697",4618961,1615,"Övriga brott mot 16 kap. BrB","2023-07-24","2023-07-23","Solna","Stockholms Län","0184C1310",1
"698",4626381,1615,"Övriga brott mot 16 kap. BrB","2023-07-01","2023-07-01","Borås","Västra Götalands Län","1490C1220",1
"699",4629847,1615,"Övriga brott mot 16 kap. BrB","2023-06-19","2023-06-19","Malmö","Skåne Län","1280C2920",1
"700",4633614,1615,"Övriga brott mot 16 kap. BrB","2023-06-20","2023-06-20","Malmö","Skåne Län","1280C2920",1
"701",4634923,1615,"Övriga brott mot 16 kap. BrB","2023-06-19","2023-06-19","Malmö","Skåne Län","1280C2920",1
"702",4638339,1615,"Övriga brott mot 16 kap. BrB","2023-08-02","2023-08-02","Södertälje","Stockholms Län","0181C1040",1
"703",4638634,1615,"Övriga brott mot 16 kap. BrB","2023-06-18","2023-06-18","Malmö","Skåne Län","1280C2920",1
"704",4639940,1615,"Övriga brott mot 16 kap. BrB","2023-06-02","2023-06-02","Göteborg","Västra Götalands Län","1480C2350",1
"705",4648735,1615,"Övriga brott mot 16 kap. BrB","2023-06-19","2023-06-19","Malmö","Skåne Län","1280C2920",1
"706",4652209,1615,"Övriga brott mot 16 kap. BrB","2023-06-20","2023-06-20","Malmö","Skåne Län","1280C2920",1
"707",4656661,1615,"Övriga brott mot 16 kap. BrB","2023-06-20","2023-06-20","Malmö","Skåne Län","1280C2920",1
"708",4660908,1615,"Övriga brott mot 16 kap. BrB","2023-07-24","2023-07-24","Malmö","Skåne Län","1280C2920",1
"709",4660913,1615,"Övriga brott mot 16 kap. BrB","2023-07-24","2023-07-24","Malmö","Skåne Län","1280C2920",1
"710",4669054,1615,"Övriga brott mot 16 kap. BrB","2023-07-16","2023-07-16","Borås","Västra Götalands Län","1490C1520",1
"711",4676858,1615,"Övriga brott mot 16 kap. BrB","2023-06-19","2023-06-19","Malmö","Skåne Län","1280C2920",1
"712",4697266,1615,"Övriga brott mot 16 kap. BrB","2023-06-22","2023-06-22","Staffanstorp","Skåne Län","1230C1010",1
"713",4697694,1615,"Övriga brott mot 16 kap. BrB","2023-06-20","2023-06-20","Malmö","Skåne Län","1280C2920",1
"714",4703484,1615,"Övriga brott mot 16 kap. BrB","2023-07-23","2023-07-23","Solna","Stockholms Län","0184C1310",1
"715",4717554,1615,"Övriga brott mot 16 kap. BrB","2023-06-02","2023-06-02","Göteborg","Västra Götalands Län","1480C2330",1
"716",4726169,1615,"Övriga brott mot 16 kap. BrB","2023-08-02","2023-08-02","Södertälje","Stockholms Län","0181C1040",1
"717",4729905,1615,"Övriga brott mot 16 kap. BrB","2023-06-20","2023-06-20","Malmö","Skåne Län","1280C2920",1
"718",4747835,1615,"Övriga brott mot 16 kap. BrB","2023-07-24","2023-07-24","Malmö","Skåne Län","1280C2920",1
"719",4753117,1615,"Övriga brott mot 16 kap. BrB","2023-08-02","2023-08-02","Södertälje","Stockholms Län","0181C1040",1
"720",4755462,1615,"Övriga brott mot 16 kap. BrB","2023-08-03","2023-08-03","Stockholm","Stockholms Län","0180C6310",1
"721",4761217,1615,"Övriga brott mot 16 kap. BrB","2023-06-20","2023-06-20","Malmö","Skåne Län","1280C2920",1
"722",4761218,1615,"Övriga brott mot 16 kap. BrB","2023-06-20","2023-06-20","Malmö","Skåne Län","1280C2920",1
"723",4762244,1615,"Övriga brott mot 16 kap. BrB","2023-07-24","2023-07-24","Malmö","Skåne Län","1280C2920",1
"724",4765150,1615,"Övriga brott mot 16 kap. BrB","2023-06-01","2023-06-01","Göteborg","Västra Götalands Län","1480C2380",1
"725",4766587,1615,"Övriga brott mot 16 kap. BrB","2023-08-03","2023-08-03","Stockholm","Stockholms Län","0180C6310",1
"726",4777281,1615,"Övriga brott mot 16 kap. BrB","2023-06-20","2023-06-20","Malmö","Skåne Län","1280C2920",1
"727",4782395,1615,"Övriga brott mot 16 kap. BrB","2023-09-05","2023-09-03","Malmö","Skåne Län","1280C1760",1
"728",4786496,1615,"Övriga brott mot 16 kap. BrB","2023-08-17","2023-08-17","Göteborg","Västra Götalands Län","1480C2590",1
"729",4791417,1615,"Övriga brott mot 16 kap. BrB","2023-08-17","2023-08-17","Göteborg","Västra Götalands Län","1480C2590",1
"730",4792040,1615,"Övriga brott mot 16 kap. BrB","2023-08-17","2023-08-17","Göteborg","Västra Götalands Län","1480C2590",1
"731",4795326,1615,"Övriga brott mot 16 kap. BrB","2023-09-16","2023-09-16","Stockholm","Stockholms Län","0180C4020",1
"732",4799505,1615,"Övriga brott mot 16 kap. BrB","2023-09-03","2023-09-03","Malmö","Skåne Län","1280C1750",1
"733",4802122,1615,"Övriga brott mot 16 kap. BrB","2023-09-03","2023-09-03","","Skåne Län","",1
"734",4804924,1615,"Övriga brott mot 16 kap. BrB","2023-08-17","2023-08-17","Göteborg","Västra Götalands Län","1480C2590",1
"735",4804926,1615,"Övriga brott mot 16 kap. BrB","2023-08-17","2023-08-17","Göteborg","Västra Götalands Län","1480C2590",1
"736",4805374,1615,"Övriga brott mot 16 kap. BrB","2023-08-17","2023-08-17","Göteborg","Västra Götalands Län","1480C2590",1
"737",4805833,1615,"Övriga brott mot 16 kap. BrB","2023-08-17","2023-08-17","Göteborg","Västra Götalands Län","1480C2590",1
"738",4811193,1615,"Övriga brott mot 16 kap. BrB","2023-08-29","2023-08-29","Helsingborg","Skåne Län","1283C1450",1
"739",4821745,1615,"Övriga brott mot 16 kap. BrB","2023-08-18","2023-08-01","Lidingö","Stockholms Län","0186C1200",1
"740",4833997,1615,"Övriga brott mot 16 kap. BrB","2023-08-17","2023-08-17","Göteborg","Västra Götalands Län","1480C2590",1
"741",4835466,1615,"Övriga brott mot 16 kap. BrB","2023-08-17","2023-08-17","Göteborg","Västra Götalands Län","1480C2590",1
"742",4835855,1615,"Övriga brott mot 16 kap. BrB","2023-08-31","2023-08-24","Stockholm","Stockholms Län","0180C3520",1
"743",4837468,1615,"Övriga brott mot 16 kap. BrB","2023-09-19","2023-09-19","Stockholm","Stockholms Län","0180C5770",1
"744",4847484,1615,"Övriga brott mot 16 kap. BrB","2023-08-17","2023-08-17","Göteborg","Västra Götalands Län","1480C2590",1
"745",4849528,1615,"Övriga brott mot 16 kap. BrB","2023-08-23","2023-06-04","Borås","Västra Götalands Län","1490C1520",1
"746",4849633,1615,"Övriga brott mot 16 kap. BrB","2023-08-17","2023-08-17","Göteborg","Västra Götalands Län","1480C2590",1
"747",4853560,1615,"Övriga brott mot 16 kap. BrB","2023-08-19","2023-08-19","Jönköping","Jönköpings Län","0680C1390",1
"748",4860922,1615,"Övriga brott mot 16 kap. BrB","2023-08-23","2023-06-04","Borås","Västra Götalands Län","1490C1520",1
"749",4861297,1615,"Övriga brott mot 16 kap. BrB","2023-08-17","2023-08-17","Göteborg","Västra Götalands Län","1480C2590",1
"750",4862900,1615,"Övriga brott mot 16 kap. BrB","2023-08-17","2023-08-17","Göteborg","Västra Götalands Län","1480C2590",1
"751",4870996,1615,"Övriga brott mot 16 kap. BrB","2023-09-16","2023-09-16","Södertälje","Stockholms Län","0181C1040",1
"752",4871077,1615,"Övriga brott mot 16 kap. BrB","2023-08-17","2023-08-17","Göteborg","Västra Götalands Län","1480C2590",1
"753",4872831,1615,"Övriga brott mot 16 kap. BrB","2023-08-17","2023-08-17","Göteborg","Västra Götalands Län","1480C2590",1
"754",4874176,1615,"Övriga brott mot 16 kap. BrB","2023-09-03","2023-09-03","Stockholm","Stockholms Län","0180C5020",1
"755",4874702,1615,"Övriga brott mot 16 kap. BrB","2023-09-16","2023-09-16","Luleå","Norrbottens Län","2580C1230",1
"756",4898863,1615,"Övriga brott mot 16 kap. BrB","2023-10-04","2023-10-04","Malmö","Skåne Län","1280C2920",1
"757",4898870,1615,"Övriga brott mot 16 kap. BrB","2023-10-07","2023-10-07","Malmö","Skåne Län","1280C2920",1
"758",4903616,1615,"Övriga brott mot 16 kap. BrB","2023-09-28","2023-09-28","Nacka","Stockholms Län","0182C1410",1
"759",4903617,1615,"Övriga brott mot 16 kap. BrB","2023-09-28","2023-09-28","Nacka","Stockholms Län","0182C1410",1
"760",4903618,1615,"Övriga brott mot 16 kap. BrB","2023-09-28","2023-09-28","Nacka","Stockholms Län","0182C1410",1
"761",4903619,1615,"Övriga brott mot 16 kap. BrB","2023-09-28","2023-09-28","Nacka","Stockholms Län","0182C1410",1
"762",4909050,1615,"Övriga brott mot 16 kap. BrB","2023-09-30","2023-09-30","Nacka","Stockholms Län","0182C1410",1
"763",4909318,1615,"Övriga brott mot 16 kap. BrB","2023-10-04","2023-10-04","Malmö","Skåne Län","1280C2920",1
"764",4910126,1615,"Övriga brott mot 16 kap. BrB","2023-10-06","2023-10-06","Malmö","Skåne Län","1280C2920",1
"765",4913330,1615,"Övriga brott mot 16 kap. BrB","2023-09-30","2023-09-30","Nacka","Stockholms Län","0182C1410",1
"766",4913460,1615,"Övriga brott mot 16 kap. BrB","2023-10-07","2023-10-07","Malmö","Skåne Län","1280C2920",1
"767",4914477,1615,"Övriga brott mot 16 kap. BrB","2023-10-07","2023-10-07","Malmö","Skåne Län","1280C2920",1
"768",4915085,1615,"Övriga brott mot 16 kap. BrB","2023-10-01","2023-10-01","Stockholm","Stockholms Län","0180C4700",1
"769",4917943,1615,"Övriga brott mot 16 kap. BrB","2023-09-30","2023-09-30","Nacka","Stockholms Län","0182C1410",1
"770",4918527,1615,"Övriga brott mot 16 kap. BrB","2023-10-06","2023-10-06","Malmö","Skåne Län","1280C2920",1
"771",4918903,1615,"Övriga brott mot 16 kap. BrB","2023-09-30","2023-09-30","Nacka","Stockholms Län","0182C1410",1
"772",4918905,1615,"Övriga brott mot 16 kap. BrB","2023-09-30","2023-09-30","Nacka","Stockholms Län","0182C1410",1
"773",4920717,1615,"Övriga brott mot 16 kap. BrB","2023-10-07","2023-10-07","Malmö","Skåne Län","1280C2920",1
"774",4921565,1615,"Övriga brott mot 16 kap. BrB","2023-09-30","2023-09-30","Malmö","Skåne Län","1280C2030",1
"775",4923615,1615,"Övriga brott mot 16 kap. BrB","2023-10-04","2023-10-04","Malmö","Skåne Län","1280C2920",1
"776",4933249,1615,"Övriga brott mot 16 kap. BrB","2023-10-16","2023-10-14","Nyköping","Södermanlands Län","0480C1110",1
"777",4937704,1615,"Övriga brott mot 16 kap. BrB","2023-09-30","2023-09-30","Nacka","Stockholms Län","0182C1410",1
"778",4939605,1615,"Övriga brott mot 16 kap. BrB","2023-10-07","2023-10-07","Malmö","Skåne Län","1280C2920",1
"779",4947384,1615,"Övriga brott mot 16 kap. BrB","2023-09-26","2023-09-26","Södertälje","Stockholms Län","0181C1040",1
"780",4950723,1615,"Övriga brott mot 16 kap. BrB","2023-09-30","2023-09-30","Nacka","Stockholms Län","0182C1410",1
"781",4951501,1615,"Övriga brott mot 16 kap. BrB","2023-09-22","2023-09-22","Borlänge","Dalarnas Län","2081C1210",1
"782",4961154,1615,"Övriga brott mot 16 kap. BrB","2023-09-30","2023-09-30","Malmö","Skåne Län","1280C2030",1
"783",4962514,1615,"Övriga brott mot 16 kap. BrB","2023-10-07","2023-10-07","Malmö","Skåne Län","1280C2920",1
"784",4963079,1615,"Övriga brott mot 16 kap. BrB","2023-10-14","2023-10-14","Stockholm","Stockholms Län","0180C2390",1
"785",4966357,1615,"Övriga brott mot 16 kap. BrB","2023-09-30","2023-09-30","Malmö","Skåne Län","1280C2030",1
"786",4967257,1615,"Övriga brott mot 16 kap. BrB","2023-09-30","2023-09-30","Nacka","Stockholms Län","0182C1410",1
"787",4968463,1615,"Övriga brott mot 16 kap. BrB","2023-09-25","2023-09-25","Södertälje","Stockholms Län","0181C1040",1
"788",4970468,1615,"Övriga brott mot 16 kap. BrB","2023-10-06","2023-10-06","Malmö","Skåne Län","1280C2920",1
"789",4971964,1615,"Övriga brott mot 16 kap. BrB","2023-10-06","2023-10-06","Malmö","Skåne Län","1280C2920",1
"790",4974579,1615,"Övriga brott mot 16 kap. BrB","2023-10-22","2023-10-22","Stockholm","Stockholms Län","0180C2390",1
"791",4976287,1615,"Övriga brott mot 16 kap. BrB","2023-10-04","2023-10-04","Malmö","Skåne Län","1280C2920",1
"792",4986411,1615,"Övriga brott mot 16 kap. BrB","2023-10-14","2023-10-14","Stockholm","Stockholms Län","0180C2390",1
"793",4990631,1615,"Övriga brott mot 16 kap. BrB","2023-10-30","2023-10-30","Uppsala","Uppsala Län","0380C1580",1
"794",5005042,1615,"Övriga brott mot 16 kap. BrB","2023-12-01","2023-11-30","Uppsala","Uppsala Län","0380C1450",1
"795",5009166,1615,"Övriga brott mot 16 kap. BrB","2023-11-06","2023-11-06","Göteborg","Västra Götalands Län","1480C2260",1
"796",5011402,1615,"Övriga brott mot 16 kap. BrB","2023-11-20","2023-11-20","Malmö","Skåne Län","1280C2140",1
"797",5019486,1615,"Övriga brott mot 16 kap. BrB","2023-11-25","2023-11-25","Växjö","Kronobergs Län","0780C1090",1
"798",5021661,1615,"Övriga brott mot 16 kap. BrB","2023-11-09","2023-11-09","Göteborg","Västra Götalands Län","1480C2460",1
"799",5025494,1615,"Övriga brott mot 16 kap. BrB","2023-12-07","2023-12-07","Karlstad","Värmlands Län","1780C1140",1
"800",5028890,1615,"Övriga brott mot 16 kap. BrB","2023-11-25","2023-11-25","Örnsköldsvik","Västernorrlands Län","2284C1100",1
"801",5044285,1615,"Övriga brott mot 16 kap. BrB","2023-11-25","2023-11-25","Borås","Västra Götalands Län","1490C1520",1
"802",5049790,1615,"Övriga brott mot 16 kap. BrB","2023-12-01","2023-11-30","Uppsala","Uppsala Län","0380C1450",1
"803",5062446,1615,"Övriga brott mot 16 kap. BrB","2023-11-04","2023-11-04","Värnamo","Jönköpings Län","0683C1120",1
"804",5062572,1615,"Övriga brott mot 16 kap. BrB","2023-12-01","2023-11-30","Uppsala","Uppsala Län","0380C1450",1
"805",5071378,1615,"Övriga brott mot 16 kap. BrB","2023-12-01","2023-11-30","Uppsala","Uppsala Län","0380C1450",1
"806",5082888,1615,"Övriga brott mot 16 kap. BrB","2023-12-14","2023-12-06","Stockholm","Stockholms Län","0180C3900",1
"807",5082889,1615,"Övriga brott mot 16 kap. BrB","2023-12-14","2023-12-13","Stockholm","Stockholms Län","0180C3900",1
"808",5082890,1615,"Övriga brott mot 16 kap. BrB","2023-12-14","2023-10-04","Stockholm","Stockholms Län","0180C3900",1
"809",5115137,1615,"Övriga brott mot 16 kap. BrB","2023-12-09","2023-12-09","Linköping","Östergötlands Län","0580C1490",1
